id,topic,conceptId,verificationStatus,scoreEligible,reference,referenceUrl,stem,correctAnswer
1,פריודונטיה,legacy_1,needs_literature_check,False,שחזור בחינה או שאלת תרגול מהגרסה הקודמת,,לפנייך תמונה של פתוגנים מחולקים לפי קבוצות. מי הקבוצה הכי פתוגנית למחלות פריו?,הקבוצה האדומה
2,פתולוגיה ורפואת הפה,legacy_2,needs_literature_check,False,שחזור בחינה או שאלת תרגול מהגרסה הקודמת,,"הבחנת בנגע הלבן אצל המטופל, מה השלב הראשוני בבירור?",לנסות לגרד את הנגע
3,פתולוגיה ורפואת הפה,legacy_3,needs_literature_check,False,שחזור בחינה או שאלת תרגול מהגרסה הקודמת,,בבדיקה שגרתית ראית את האזורים הבהירים הנראים בתמונה ברירית הבוקלית באופן סימטרי. מה מהמשפטים הבאים נכון לדעתך?,"אין צורך להתערב, אלה בלוטות חלב (Fordyce granules)"
4,פתולוגיה ורפואת הפה,legacy_4,needs_literature_check,False,שחזור בחינה או שאלת תרגול מהגרסה הקודמת,,"גבר בוגר מתלונן על תחושת חספוס ברירית בוקלית מזה מספר חודשים בבדיקה ראית נגעים לבנים בלתי מתגרדים, האבחנה הסבירה ביותר הינה?",Oral lichen planus
5,פתולוגיה ורפואת הפה,legacy_5,needs_literature_check,False,שחזור בחינה או שאלת תרגול מהגרסה הקודמת,,במטופל בריא בן 26 אתה רואה תופעות על הלשון המופיעות ונעלמות מדי פעם. מה נכון לגבי אבחנה זו?,התופעה יכולה להיות תורשתית
6,פתולוגיה ורפואת הפה,legacy_6,needs_literature_check,False,שחזור בחינה או שאלת תרגול מהגרסה הקודמת,,מטופלת בת 76 מתלוננת על קו אדום בעור שהופיע לאחרונה בפינת השפה. מה האבחנה?,זיהום פטרייתי
7,פתולוגיה ורפואת הפה,legacy_7,needs_literature_check,False,שחזור בחינה או שאלת תרגול מהגרסה הקודמת,,פקטור שיכול להשפיע על התפתחות ממאירות בשפה?,שהייה ממושכת בשמש
8,פתולוגיה ורפואת הפה,legacy_8,needs_literature_check,False,שחזור בחינה או שאלת תרגול מהגרסה הקודמת,,פציינט בן 16 מתלונן על כיב כואב בצד הלשון ללא גורם טראומטי. מהו טיפול מקומי מתאים?,Triamcinolone 0.1% במשחה
9,פתולוגיה ורפואת הפה,legacy_9,needs_literature_check,False,שחזור בחינה או שאלת תרגול מהגרסה הקודמת,,פציינט בגיל 71מתלונן על תחושה לא נעימה ונגע שקיים במשך חודשיים,ביופסיה בחשד לקרצינומה
10,פתולוגיה ורפואת הפה,legacy_10,needs_literature_check,False,שחזור בחינה או שאלת תרגול מהגרסה הקודמת,,"פציינט בן 48שסובל מהרגל נשיכה של השפה, על סמך הנתונים מה תמליץ לו?","להפסיק את ההרגל, ולהגיע לביקור חוזר אחרי שבועיים"
11,שיקום וסגר,legacy_11,needs_literature_check,False,שחזור בחינה או שאלת תרגול מהגרסה הקודמת,,התמוטטות סגר אחורי )Posterior Bite: )Collapse,הוא מונח המציג חוסר תמיכה אחורית עם מוביליות והתרחבות של המשנן הקדמי
12,שיקום וסגר,legacy_12,needs_literature_check,False,שחזור בחינה או שאלת תרגול מהגרסה הקודמת,,נקודת האיזון האנטומי של הגבול האחורי ביותר של תותבת שלמה תחתונה היא:,Retromolar pad
13,שיקום וסגר,legacy_13,needs_literature_check,False,שחזור בחינה או שאלת תרגול מהגרסה הקודמת,,"איזה חלק מהתח""ל (תותבת חלקית להוצאה) הוא בעל פוטנציאל ההרסני ביותר:",הוו הרטנטיבי
14,שיקום וסגר,legacy_14,needs_literature_check,False,שחזור בחינה או שאלת תרגול מהגרסה הקודמת,,מה מאפשרים הבסיסים הזמניים והכרכובים של תותבת חלקיות נשלפות?,ביצוע רישומים סגריים בין לסתיים
15,שיקום וסגר,legacy_15,needs_literature_check,False,שחזור בחינה או שאלת תרגול מהגרסה הקודמת,,באילו מצבים קליניים יש לבחור בשיקום מוברג על גבי שתלים?,מרווח בין לסתי מוקטן
16,משמרת וחומרים,legacy_16,needs_literature_check,False,שחזור בחינה או שאלת תרגול מהגרסה הקודמת,,מהם חומרים תרמופלסטים?,חומרים הניתנים לעיצוב בעזרת חום
17,רפואת שיניים לילדים,legacy_17,needs_literature_check,False,שחזור בחינה או שאלת תרגול מהגרסה הקודמת,,"בת שנתיים וחצי מגיעה למרפאתך ומציגה נגדי עששת התחלתיים מסוג WSLבאיזור בוקלי של שיניים 51, 61. מה אבחנתך?",עששת הגיל הרך
18,רפואת שיניים לילדים,legacy_18,needs_literature_check,False,שחזור בחינה או שאלת תרגול מהגרסה הקודמת,,מהי הסיבה המוכרת בספרות המדעית לרטנציה של שיניים נשירות בגיל מאוחר?,קליידו-קרניאל דיספלזיה
,כירורגיה,legacy_19,needs_literature_check,False,שחזור בחינה או שאלת תרגול מהגרסה הקודמת,,מהו הטיפול הראשוני המקובל ב-alveolar osteitis (dry socket) ללא סימני זיהום מתפשט?,"שטיפה עדינה, אנלגזיה ובמידת הצורך חבישה מקומית מרגיעה"
20,פריודונטיה,legacy_20,needs_literature_check,False,שחזור בחינה או שאלת תרגול מהגרסה הקודמת,,כיצד מוגדרת ספיגת עצם אופקית?,זו אשר סופגת את פסגת הרכס האלבאורלי בכיוון אופקי בהשוואה למקומו המקורי
,פתולוגיה ורפואת הפה,legacy_21,needs_literature_check,False,שחזור בחינה או שאלת תרגול מהגרסה הקודמת,,איזה ממצא רדיוגרפי אופייני במיוחד ל-fibrous dysplasia של הלסת?,Ground-glass appearance
22,חוק ואתיקה,legacy_22,needs_literature_check,False,שחזור בחינה או שאלת תרגול מהגרסה הקודמת,,Non-maleficence ברפואה משפטית ואתיקה משמעותו:,שהרופא צריך להימנע מגרימת נזק
23,פתולוגיה ורפואת הפה,legacy_23,needs_literature_check,False,שחזור בחינה או שאלת תרגול מהגרסה הקודמת,,באיזו בלוטת רוק מתרחשות אבני רוק (sialolithiasis) בשכיחות הגבוהה ביותר?,תת ליסתי Submandibular
24,כירורגיה,legacy_24,needs_literature_check,False,שחזור בחינה או שאלת תרגול מהגרסה הקודמת,,איזה מהבאים לא נחשב לסעיף של הטריגמינל?,Posterior digastric
25,אנדודונטיה,legacy_25,needs_literature_check,False,שחזור בחינה או שאלת תרגול מהגרסה הקודמת,,מתרפא מתלונן על כאב שן בזמן לעיסה של מזון קשה. מהי הבדיקה הרלוונטית ביותר לגילוי השן החשודה?,לעיסה על גליל צמר גפן
26,אנדודונטיה,legacy_26,needs_literature_check,False,שחזור בחינה או שאלת תרגול מהגרסה הקודמת,,"בעקבות חשיפת מוך עששתית, המוך בשיניים קבועות צעירות עלול לעבור:",היפרפלזיה
27,רפואת שיניים לילדים,legacy_27,needs_literature_check,False,שחזור בחינה או שאלת תרגול מהגרסה הקודמת,,מתי נחשוד שילד עובר התעללות?,חבורות בשלבי ריפוי שונים
28,פריודונטיה,legacy_28,needs_literature_check,False,שחזור בחינה או שאלת תרגול מהגרסה הקודמת,,מי מהבקטריות הבאות היא? SPIROCHETE,TREPONEMA DENTICOLA
,אנדודונטיה,legacy_29,needs_literature_check,False,שחזור בחינה או שאלת תרגול מהגרסה הקודמת,,"מטופל עם symptomatic irreversible pulpitis ללא נפיחות, חום או סימני התפשטות זיהום. מה נכון לגבי אנטיביוטיקה סיסטמית?",אינה נדרשת בדרך כלל; יש לבצע טיפול דנטלי מקומי מתאים
30,כירורגיה,legacy_30,needs_literature_check,False,שחזור בחינה או שאלת תרגול מהגרסה הקודמת,,איזה עצב נמצא בסמיכות הכי גבוהה לבלוטה תת לסתית?,LINGUAL
31,רפואת שיניים לילדים,legacy_31,needs_literature_check,False,שחזור בחינה או שאלת תרגול מהגרסה הקודמת,,מה הכי ישפיע על הסיכון לפתח נגעי עששת בעתיד?,התנסות עששת בעבר
32,כירורגיה,legacy_32,needs_literature_check,False,שחזור בחינה או שאלת תרגול מהגרסה הקודמת,,מה מבין המצבים הבאים מכונה מכתשית יבשה (?)Dry Socket,Alveolar osteitis
33,רפואת שיניים לילדים,legacy_33,needs_literature_check,False,שחזור בחינה או שאלת תרגול מהגרסה הקודמת,,"אין ניידות בשן שנחבלה, אך יש פגיעה ברקמה מסביב, מצב זה נקרא?",Concussion
34,שיקום וסגר,legacy_34,needs_literature_check,False,שחזור בחינה או שאלת תרגול מהגרסה הקודמת,,מהי המטרה העיקרית בביצוע Beadingו Boxing במטבע לתותבת שלמה,שימור של רוחב השוליים בתותבת
35,רפואת שיניים לילדים,legacy_35,needs_literature_check,False,שחזור בחינה או שאלת תרגול מהגרסה הקודמת,,"נער בן 12 במהלך טיפול אורתודנטי נחבל בפניו לפני כחצי שנה, מאז נמצא במעקב בלבד, בביקורת לאחר חצי שנה שן 11 מעט צהבהבה ולא מגיבה לקור, מעבר לכך אין סימפטומים ו/או סימנים חריגים, ללא תלונה מצד המתרפא. לפניך צילום הרנטגן שבוצע לו, מה המלצתך לטיפול בשן זו?",מעקב והתייעצות עם האורתודנט לגבי המשך טיפול
36,משמרת וחומרים,legacy_36,needs_literature_check,False,שחזור בחינה או שאלת תרגול מהגרסה הקודמת,,"מה הטיפול לע""ר למטופל המגיע למרפאתך לאחר שביצעת לו שחזור אמלגם, סובל מרגישות לקור, על השחזור אתה רואה נקודה מבריקה:",איזון סגרי
37,שיקום וסגר,legacy_37,needs_literature_check,False,שחזור בחינה או שאלת תרגול מהגרסה הקודמת,,במקרה שגובה החניכיים מעל השתל הוא מעל 6 מ״מ באיזה שיטת שיקום תבחר?,שיקום מוברג
38,אורתודונטיה,legacy_38,needs_literature_check,False,שחזור בחינה או שאלת תרגול מהגרסה הקודמת,,אילו תאים מגיעים בהפעלת לחץ על השורשים?,אוסטאוקלסטים
39,רפואת שיניים לילדים,legacy_39,needs_literature_check,False,שחזור בחינה או שאלת תרגול מהגרסה הקודמת,,מהו הגורם החזק ביותר להתפתחות העששת?,התנסות קודמת בעששת
40,משמרת וחומרים,legacy_40,needs_literature_check,False,שחזור בחינה או שאלת תרגול מהגרסה הקודמת,,מהו הפוטואיניציאטור הנפוץ בריאקציית הפילמור של קומפוזיט light-cure?,קמפקווינון Camphoroquinone
41,רפואת שיניים לילדים,legacy_41,needs_literature_check,False,שחזור בחינה או שאלת תרגול מהגרסה הקודמת,,איזה מצב אינו מזוהה עם אנומליות דנטליות בילדים?,Hemophilia
42,פריודונטיה,legacy_42,needs_literature_check,False,שחזור בחינה או שאלת תרגול מהגרסה הקודמת,,איזה מהחיידקים הבאים המעורבים במחלה פריודונטלית הוא מסוג ספירוכטה (דמוי סלילס)?,Treponema denticola
,כירורגיה,legacy_43,needs_literature_check,False,שחזור בחינה או שאלת תרגול מהגרסה הקודמת,,מהו הצעד הראשוני המקובל בדימום מתמשך ממכתשית לאחר עקירה אצל מטופל יציב?,לחץ מקומי ישיר עם גזה והערכת מקור הדימום
44,רפואת שיניים לילדים,legacy_44,needs_literature_check,False,שחזור בחינה או שאלת תרגול מהגרסה הקודמת,,שיטת הצחצוח המומלצת לילד שבגיל 6 שנים?,שיטה הוריזונטלית
,פתולוגיה ורפואת הפה,legacy_45,needs_literature_check,False,שחזור בחינה או שאלת תרגול מהגרסה הקודמת,,איזה שילוב ממצאים אופייני למחלת Behçet?,כיבים אפטוטיים חוזרים בפה עם כיבים גניטליים ולעיתים מעורבות עינית
46,פתולוגיה ורפואת הפה,legacy_46,needs_literature_check,False,שחזור בחינה או שאלת תרגול מהגרסה הקודמת,,מטופל הגיע לבדיקה עם הצילום שלפניך. מה עליך לעשות?,"אם האבחנה היא cemento-osseous dysplasia, להשאיר למעקב"
47,פתולוגיה ורפואת הפה,legacy_47,needs_literature_check,False,שחזור בחינה או שאלת תרגול מהגרסה הקודמת,,בתמונה נראה ממצא של סימן ניקולסקי חיובי. מה הגורם האפשרי לממצא הקליני?,תגובה אוטואימונית
48,פתולוגיה ורפואת הפה,legacy_48,needs_literature_check,False,שחזור בחינה או שאלת תרגול מהגרסה הקודמת,,בן 13 הגיע עם נגע מורם לבן בגודל כ-3 מ״מ בשפה. במהלך הבדיקה הבחנת בנגע גם באצבע. מה נכון?,הנגע בשפה יכול להיות יבלת ויראלית הנגרמת על ידי HPV
49,פתולוגיה ורפואת הפה,legacy_49,needs_literature_check,False,שחזור בחינה או שאלת תרגול מהגרסה הקודמת,,"פציינט בן 32 מתלונן על כאבים בחיך שקיים כבר כמה ימים, בלי תלונות נוספות. בבדיקה הבחנות בנגעים בגודל 2מ""מ מימין ומשמאל, מה האבחנה?",Recurrent intraoral herpes
50,פריודונטיה,legacy_50,needs_literature_check,False,שחזור בחינה או שאלת תרגול מהגרסה הקודמת,,מטופלת שסיימת איתה הערכה מחדש במחלת חניכיים מתקדמת. מתי תבצע תחזוקה?,אחת ל 2-3-חודשים
51,פריודונטיה,legacy_51,needs_literature_check,False,שחזור בחינה או שאלת תרגול מהגרסה הקודמת,,לאיזו מהשיניים הבאות עם אובדן תאחיזה של 50% הפרוגנוזה הגרועה ביותר?,טוחנת מקסילרית ראשונה
52,כירורגיה,legacy_52,needs_literature_check,False,שחזור בחינה או שאלת תרגול מהגרסה הקודמת,,מהו הסימן העיקרי למכתשית יבשה,כאבים מקרינים עם דופק וטעם רע
53,כירורגיה,legacy_53,needs_literature_check,False,שחזור בחינה או שאלת תרגול מהגרסה הקודמת,,מה נכון לגבי תופעת המכתשית היבשה ( Dry?)socket,נמצא קשר בינה לבין עישון לאחר עקירה
54,כירורגיה,legacy_54,needs_literature_check,False,שחזור בחינה או שאלת תרגול מהגרסה הקודמת,,מה מהבאים אינו סיבוך של שבר בזיגומה?,שיתוק עצב הפנים
55,פתולוגיה ורפואת הפה,legacy_55,needs_literature_check,False,שחזור בחינה או שאלת תרגול מהגרסה הקודמת,,איזה משפט נכון לגבי Traumatic Bone Cyst?,זוהי פסאודוציסטה המופיעה לרוב בעשור השני לחיים
56,פתולוגיה ורפואת הפה,legacy_56,needs_literature_check,False,שחזור בחינה או שאלת תרגול מהגרסה הקודמת,,על מה לא תשים סטרואידים?,זיהום ויראלי
57,אנדודונטיה,legacy_57,needs_literature_check,False,שחזור בחינה או שאלת תרגול מהגרסה הקודמת,,"מטופל מתלונן על כאבים מתמשכים בלסת תחתונה מימין. שן 46 אינה מגיבה לבדיקת חיות, רגישה לניקוש, וקיים כיס פריודונטלי צר ועמוק בצד הבוקלי של השורש המזיאלי. בצילום נראית הצללה סביב קצה השורש המזיאלי. מה עשוי להיות הגורם האטיולוגי?",שבר אורכי בשורש המזיאלי
58,אנדודונטיה,legacy_58,needs_literature_check,False,שחזור בחינה או שאלת תרגול מהגרסה הקודמת,,כיצד מתבצעת אבחנה בין גרנולמה פריאפיקלית לציסטה,בדיקה היסטופתולוגית של ביופסיה
59,שיקום וסגר,legacy_59,needs_literature_check,False,שחזור בחינה או שאלת תרגול מהגרסה הקודמת,,מטופלת בת 35 מתלוננת על רווח חדש בין החותכות העליונות ומבקשת פתרון מהיר ואסתטי. מה הפעולה הראשונה שעליך לבצע?,לבדוק את המגעים הסגריים ואת מצב החניכיים
60,רפואת חולים מורכבים,legacy_60,needs_literature_check,False,שחזור בחינה או שאלת תרגול מהגרסה הקודמת,,"מטופל עבר צינתור לבבי לפני 10 חודשים מקבל אספירין +פלביקס, זקוק להקצעת שורשים, מה הטיפול?",להיערך לטיפול מראש עם אמצעים מקומיים המוסטטים
61,אנדודונטיה,legacy_61,needs_literature_check,False,שחזור בחינה או שאלת תרגול מהגרסה הקודמת,,"מתרפא מגיע לעזרה ראשונה ומציין שאתמול רופא אחר עשה לו אקסטרפציה מלאה, אך הוא סובל מכאבים בלעיסה. מה הטיפול המומלץ?",הורדת גובה של השן
62,רפואת שיניים לילדים,legacy_62,needs_literature_check,False,שחזור בחינה או שאלת תרגול מהגרסה הקודמת,,מהי שיטת הצחצוח הטובה ביותר שאותה מומלץ ללמד ילד בן 6 שנים?,Horizontal Scrub Technique
,רדיולוגיה,legacy_63,needs_literature_check,False,שחזור בחינה או שאלת תרגול מהגרסה הקודמת,,איזה פורמט קבצים תקני משמש בדרך כלל להעברת סדרת CT/CBCT למערכת צפייה רפואית?,DICOM
64,פתולוגיה ורפואת הפה,legacy_64,needs_literature_check,False,שחזור בחינה או שאלת תרגול מהגרסה הקודמת,,מה מהבאים על רקע חיידקי?,Acute retrograde parotitis
65,פריודונטיה,legacy_65,needs_literature_check,False,שחזור בחינה או שאלת תרגול מהגרסה הקודמת,,מה נחשב כיס תת חניכי,"אמיתי, אפיקלי לשיא הרכס"
66,כירורגיה,legacy_66,needs_literature_check,False,שחזור בחינה או שאלת תרגול מהגרסה הקודמת,,"מטופלת יומיים אחרי עקירת שן בינה, עם נפיחות מקומית וכאב חזק באזור העקירה, ללא חום או תסמינים סיסטמיים, איך תטפל?",משכך כאבים ומעקב
,רפואת חולים מורכבים,legacy_67,needs_literature_check,False,שחזור בחינה או שאלת תרגול מהגרסה הקודמת,,מהי השפעה כלייתית אפשרית של NSAIDs במטופל בסיכון?,הפחתת פרפוזיה כלייתית ופגיעה בתפקוד הכליה
68,רדיולוגיה,legacy_68,needs_literature_check,False,שחזור בחינה או שאלת תרגול מהגרסה הקודמת,,מה נראה טוב יותר ב CTמאשר ב?MRI,אבנים בבלוטות רוק
69,רדיולוגיה,legacy_69,needs_literature_check,False,שחזור בחינה או שאלת תרגול מהגרסה הקודמת,,איזה מהתיאורים הרדיוגרפים מתאים ל-?Multiple myeloma,Punched out lesion
70,שיקום וסגר,legacy_70,needs_literature_check,False,שחזור בחינה או שאלת תרגול מהגרסה הקודמת,,"תמיכה בתח""ל קנדי IIנשיג מ:",משיניים ורקמות רכות
71,חוק ואתיקה,legacy_71,needs_literature_check,False,שחזור בחינה או שאלת תרגול מהגרסה הקודמת,,מה אינו עיקרון של אתיקה רפואית?,הצעת תוכנית חלופית אפשרית לטיפול
72,כירורגיה,legacy_72,needs_literature_check,False,שחזור בחינה או שאלת תרגול מהגרסה הקודמת,,איזה חלק במנדיבולה בסיכוי נמוך להישבר?,Coronoid
,אנדודונטיה,legacy_73,needs_literature_check,False,שחזור בחינה או שאלת תרגול מהגרסה הקודמת,,"בשן עם תעלה מסוידת ונגע פריאפיקלי, מהו העיקרון הטיפולי לפני החלטה על כירורגיה אפיקלית?",להעריך אפשרות לטיפול אנדודונטי לא-כירורגי בעזרת הגדלה והדמיה מתאימה
74,רפואת שיניים לילדים,legacy_74,needs_literature_check,False,שחזור בחינה או שאלת תרגול מהגרסה הקודמת,,מה ריכוז הפלואוריד ב?Varnish-,"22,600"
75,פתולוגיה ורפואת הפה,legacy_75,needs_literature_check,False,שחזור בחינה או שאלת תרגול מהגרסה הקודמת,,משחת Triamcinolone 0.1%ניתנת לטיפול ב-,Recurrent Aphthosis
76,פריודונטיה,legacy_76,needs_literature_check,False,שחזור בחינה או שאלת תרגול מהגרסה הקודמת,,מהו הגורם האטיולוגי הראשוני המרכזי לג׳ינג׳יביטיס מושרה-רובד?,ביופילם דנטלי
77,פריודונטיה,legacy_77,needs_literature_check,False,שחזור בחינה או שאלת תרגול מהגרסה הקודמת,,איזה ממצא נדרש לצורך אבחנת periodontitis לעומת gingivitis?,אובדן תאחיזה קליני עקב מחלה פריודונטלית
78,פריודונטיה,legacy_78,needs_literature_check,False,שחזור בחינה או שאלת תרגול מהגרסה הקודמת,,מה מייצג BOP בבדיקה פריודונטלית?,Bleeding on probing
79,פריודונטיה,legacy_79,needs_literature_check,False,שחזור בחינה או שאלת תרגול מהגרסה הקודמת,,במה נמדד clinical attachment level?,מה-CEJ לבסיס הכיס
80,פריודונטיה,legacy_80,needs_literature_check,False,שחזור בחינה או שאלת תרגול מהגרסה הקודמת,,איזה גורם הוא גורם סיכון משמעותי ומבוסס להתקדמות periodontitis?,עישון
81,פריודונטיה,legacy_81,needs_literature_check,False,שחזור בחינה או שאלת תרגול מהגרסה הקודמת,,מהי המטרה העיקרית של scaling and root planing?,הסרת ביופילם ואבנית תת-חניכיים
82,פריודונטיה,legacy_82,needs_literature_check,False,שחזור בחינה או שאלת תרגול מהגרסה הקודמת,,איזו בדיקה היא המתאימה ביותר לזיהוי furcation involvement קליני?,Nabers probe
83,פריודונטיה,legacy_83,needs_literature_check,False,שחזור בחינה או שאלת תרגול מהגרסה הקודמת,,איזה תא אחראי בעיקר לספיגת עצם?,אוסטאוקלסט
84,פריודונטיה,legacy_84,needs_literature_check,False,שחזור בחינה או שאלת תרגול מהגרסה הקודמת,,איזה תא אחראי בעיקר ליצירת עצם חדשה?,אוסטאובלסט
85,פריודונטיה,legacy_85,needs_literature_check,False,שחזור בחינה או שאלת תרגול מהגרסה הקודמת,,מהו suprabony pocket?,בסיס הכיס קורונלי לשיא העצם
86,פריודונטיה,legacy_86,needs_literature_check,False,שחזור בחינה או שאלת תרגול מהגרסה הקודמת,,מהו infrabony pocket?,בסיס הכיס אפיקלי לשיא העצם
87,פריודונטיה,legacy_87,needs_literature_check,False,שחזור בחינה או שאלת תרגול מהגרסה הקודמת,,איזו תבנית עצם מתאימה במיוחד לטיפול רגנרטיבי פריודונטלי?,פגם תוך-גרמי עמוק עם מספר קירות שמורים
88,פריודונטיה,legacy_88,needs_literature_check,False,שחזור בחינה או שאלת תרגול מהגרסה הקודמת,,איזה חיידק משתייך לקומפלקס האדום?,Treponema denticola
89,פריודונטיה,legacy_89,needs_literature_check,False,שחזור בחינה או שאלת תרגול מהגרסה הקודמת,,מהו אחד מסימני הדלקת החניכית המוקדמים ביותר?,דימום בפרובינג
90,פריודונטיה,legacy_90,needs_literature_check,False,שחזור בחינה או שאלת תרגול מהגרסה הקודמת,,איזה מצב עלול להחמיר מחלה פריודונטלית בשל שליטה גליקמית ירודה?,סוכרת
91,אנדודונטיה,legacy_91,needs_literature_check,False,שחזור בחינה או שאלת תרגול מהגרסה הקודמת,,איזו בדיקה מעריכה תחושה עצבית של המוך ולא זרימת דם?,Cold test
92,אנדודונטיה,legacy_92,needs_literature_check,False,שחזור בחינה או שאלת תרגול מהגרסה הקודמת,,שן עם pulp necrosis צפויה בדרך כלל להגיב כיצד לבדיקת קור?,ללא תגובה
93,אנדודונטיה,legacy_93,needs_literature_check,False,שחזור בחינה או שאלת תרגול מהגרסה הקודמת,,מהו חומר ההשקיה הנפוץ בזכות יכולתו להמיס רקמה אורגנית ולפעול אנטימיקרוביאלית?,Sodium hypochlorite
94,אנדודונטיה,legacy_94,needs_literature_check,False,שחזור בחינה או שאלת תרגול מהגרסה הקודמת,,מהו התפקיד העיקרי של EDTA בטיפול שורש?,הסרת המרכיב האנאורגני של smear layer ו-chelation
95,אנדודונטיה,legacy_95,needs_literature_check,False,שחזור בחינה או שאלת תרגול מהגרסה הקודמת,,מהו working length אידאלי מבחינה ביולוגית?,קרוב ל-apical constriction
96,אנדודונטיה,legacy_96,needs_literature_check,False,שחזור בחינה או שאלת תרגול מהגרסה הקודמת,,איזה ממצא מחשיד במיוחד ל-vertical root fracture?,כיס צר ועמוק מבודד
97,אנדודונטיה,legacy_97,needs_literature_check,False,שחזור בחינה או שאלת תרגול מהגרסה הקודמת,,מהי מטרת rubber dam בטיפול שורש?,"בידוד, מניעת זיהום והגנה מפני שאיפת מכשירים"
98,אנדודונטיה,legacy_98,needs_literature_check,False,שחזור בחינה או שאלת תרגול מהגרסה הקודמת,,איזו אבחנה מתאימה לכאב חד וקצר לקור שנעלם מיד עם הסרת הגירוי?,Reversible pulpitis
99,אנדודונטיה,legacy_99,needs_literature_check,False,שחזור בחינה או שאלת תרגול מהגרסה הקודמת,,איזו אבחנה מתאימה לכאב ספונטני או כאב ממושך לאחר קור?,Symptomatic irreversible pulpitis
100,אנדודונטיה,legacy_100,needs_literature_check,False,שחזור בחינה או שאלת תרגול מהגרסה הקודמת,,מהו apexogenesis?,שימור חיוניות מוך בשן קבועה צעירה כדי לאפשר המשך התפתחות שורש
101,אנדודונטיה,legacy_101,needs_literature_check,False,שחזור בחינה או שאלת תרגול מהגרסה הקודמת,,מהו apexification?,הליך ליצירת מחסום אפיקלי בשן לא-חיונית עם אפקס פתוח
102,אנדודונטיה,legacy_102,needs_literature_check,False,שחזור בחינה או שאלת תרגול מהגרסה הקודמת,,מהו הגורם המרכזי לכישלון אנדודונטי מתמשך?,זיהום מיקרוביאלי שנותר במערכת התעלות
103,אנדודונטיה,legacy_103,needs_literature_check,False,שחזור בחינה או שאלת תרגול מהגרסה הקודמת,,"במקרה של acute apical abscess עם נפיחות פלוקטואנטית מקומית, מהו עיקרון הטיפול החשוב?",ניקוז ושליטה במקור הזיהום
104,אנדודונטיה,legacy_104,needs_literature_check,False,שחזור בחינה או שאלת תרגול מהגרסה הקודמת,,איזה חומר משמש לעיתים קרובות כ-intracanal medicament בין פגישות?,Calcium hydroxide
105,אנדודונטיה,legacy_105,needs_literature_check,False,שחזור בחינה או שאלת תרגול מהגרסה הקודמת,,מהי המטרה של obturation?,לאטום את מערכת התעלות לאחר ניקוי ועיצוב
106,כירורגיה,legacy_106,needs_literature_check,False,שחזור בחינה או שאלת תרגול מהגרסה הקודמת,,מהו dry socket?,Alveolar osteitis עם אובדן/פירוק קריש הדם לאחר עקירה
107,כירורגיה,legacy_107,needs_literature_check,False,שחזור בחינה או שאלת תרגול מהגרסה הקודמת,,איזה עצב נמצא בסיכון בעת עקירת טוחנת שלישית תחתונה?,Inferior alveolar nerve
108,כירורגיה,legacy_108,needs_literature_check,False,שחזור בחינה או שאלת תרגול מהגרסה הקודמת,,איזה עצב אחראי לתחושה כללית בשני השלישים הקדמיים של הלשון?,Lingual nerve
109,כירורגיה,legacy_109,needs_literature_check,False,שחזור בחינה או שאלת תרגול מהגרסה הקודמת,,איזה עצב נושא טעם בשני השלישים הקדמיים של הלשון?,Chorda tympani דרך lingual nerve
110,כירורגיה,legacy_110,needs_literature_check,False,שחזור בחינה או שאלת תרגול מהגרסה הקודמת,,מהו הסימן הקלאסי ל-Ludwig angina?,זיהום דו-צדדי של מרווחים תת-לסתיים/תת-לשוניים עם הרמת רצפת הפה
111,כירורגיה,legacy_111,needs_literature_check,False,שחזור בחינה או שאלת תרגול מהגרסה הקודמת,,איזה מצב מחייב הערכה דחופה של נתיב אוויר?,נפיחות רצפת הפה עם קושי בבליעה וקול משתנה
112,רדיולוגיה,legacy_112,needs_literature_check,False,שחזור בחינה או שאלת תרגול מהגרסה הקודמת,,איזו בדיקת הדמיה מדגימה רקמות קשות דנטליות וגרמיות ברזולוציה תלת-ממדית גבוהה יחסית?,CBCT
113,רדיולוגיה,legacy_113,needs_literature_check,False,שחזור בחינה או שאלת תרגול מהגרסה הקודמת,,איזו שיטת הדמיה עדיפה להדגמת דיסק ה-TMJ?,MRI
114,רדיולוגיה,legacy_114,needs_literature_check,False,שחזור בחינה או שאלת תרגול מהגרסה הקודמת,,איזה צילום מתאים במיוחד לאבחון עששת פרוקסימלית בין שיניים אחוריות?,Bitewing
115,רדיולוגיה,legacy_115,needs_literature_check,False,שחזור בחינה או שאלת תרגול מהגרסה הקודמת,,מהי אחת הדרכים להפחית magnification בצילום תוך-פומי?,להגדיל source-to-object distance באמצעות long cone
116,פתולוגיה ורפואת הפה,legacy_116,needs_literature_check,False,שחזור בחינה או שאלת תרגול מהגרסה הקודמת,,נגע לבן שניתן להסרה בגירוד ומשאיר משטח אריתמטוטי מתאים במיוחד ל:,Pseudomembranous candidiasis
117,פתולוגיה ורפואת הפה,legacy_117,needs_literature_check,False,שחזור בחינה או שאלת תרגול מהגרסה הקודמת,,איזה ממצא אופייני ל-oral lichen planus רטיקולרי?,Wickham striae דו-צדדיות
118,פתולוגיה ורפואת הפה,legacy_118,needs_literature_check,False,שחזור בחינה או שאלת תרגול מהגרסה הקודמת,,מהו גורם הסיכון המרכזי ל-actinic cheilitis?,חשיפה כרונית לשמש
119,פתולוגיה ורפואת הפה,legacy_119,needs_literature_check,False,שחזור בחינה או שאלת תרגול מהגרסה הקודמת,,איזה נגע דורש ביופסיה כאשר הוא מתמשך ואינו מוסבר?,כיב אוראלי שאינו מחלים במשך יותר משבועיים
120,פתולוגיה ורפואת הפה,legacy_120,needs_literature_check,False,שחזור בחינה או שאלת תרגול מהגרסה הקודמת,,מהו Nikolsky sign חיובי?,קילוף/היפרדות אפיתל בעקבות לחץ צדדי
121,פתולוגיה ורפואת הפה,legacy_121,needs_literature_check,False,שחזור בחינה או שאלת תרגול מהגרסה הקודמת,,איזו בלוטת רוק נפגעת בשכיחות הגבוהה ביותר מ-sialolithiasis?,Submandibular
122,פתולוגיה ורפואת הפה,legacy_122,needs_literature_check,False,שחזור בחינה או שאלת תרגול מהגרסה הקודמת,,איזה ממצא רדיוגרפי קלאסי ל-multiple myeloma?,Punched-out radiolucencies
123,פתולוגיה ורפואת הפה,legacy_123,needs_literature_check,False,שחזור בחינה או שאלת תרגול מהגרסה הקודמת,,איזה תיאור אופייני ל-fibrous dysplasia?,Ground-glass appearance
124,פתולוגיה ורפואת הפה,legacy_124,needs_literature_check,False,שחזור בחינה או שאלת תרגול מהגרסה הקודמת,,איזה נגע הוא pseudocyst שכיח בלסת של צעירים?,Simple/traumatic bone cyst
125,פתולוגיה ורפואת הפה,legacy_125,needs_literature_check,False,שחזור בחינה או שאלת תרגול מהגרסה הקודמת,,מהו המיקום השכיח של recurrent intraoral herpes באדם אימונוקומפטנטי?,רירית קרטינית כגון חיך קשה וחניכיים צמודות
126,שיקום וסגר,legacy_126,needs_literature_check,False,שחזור בחינה או שאלת תרגול מהגרסה הקודמת,,מהו Kennedy Class I?,אזורי חוסר שיניים דו-צדדיים אחוריים לשיניים הנותרות
127,שיקום וסגר,legacy_127,needs_literature_check,False,שחזור בחינה או שאלת תרגול מהגרסה הקודמת,,מהו Kennedy Class II?,Unilateral distal extension
128,שיקום וסגר,legacy_128,needs_literature_check,False,שחזור בחינה או שאלת תרגול מהגרסה הקודמת,,מהו Kennedy Class IV?,אזור חוסר קדמי יחיד החוצה את קו האמצע
129,שיקום וסגר,legacy_129,needs_literature_check,False,שחזור בחינה או שאלת תרגול מהגרסה הקודמת,,מהו תפקיד primary connector ב-RPD?,לאחד את רכיבי התותבת ולפזר כוחות בין חלקיה
130,שיקום וסגר,legacy_130,needs_literature_check,False,שחזור בחינה או שאלת תרגול מהגרסה הקודמת,,מהו תפקיד occlusal rest ב-RPD?,לספק תמיכה אנכית ולמנוע שקיעת התותבת לרקמות
131,שיקום וסגר,legacy_131,needs_literature_check,False,שחזור בחינה או שאלת תרגול מהגרסה הקודמת,,איזה אזור משמש landmark מרכזי לקביעת גובה המישור הסגרי בתותבת תחתונה?,Retromolar pad
132,שיקום וסגר,legacy_132,needs_literature_check,False,שחזור בחינה או שאלת תרגול מהגרסה הקודמת,,מהי מטרת border molding בתותבת שלמה?,עיצוב פונקציונלי של גבולות המטבע/התותבת
133,שיקום וסגר,legacy_133,needs_literature_check,False,שחזור בחינה או שאלת תרגול מהגרסה הקודמת,,מהי מטרת posterior palatal seal בתותבת עליונה?,לשפר seal ורטנציה ולפצות על שינויי עיבוד
134,שיקום וסגר,legacy_134,needs_literature_check,False,שחזור בחינה או שאלת תרגול מהגרסה הקודמת,,מהו centric relation?,יחס לסתי repeatable שאינו תלוי במגעי שיניים
135,שיקום וסגר,legacy_135,needs_literature_check,False,שחזור בחינה או שאלת תרגול מהגרסה הקודמת,,מהו maximum intercuspation?,המיקום שבו יש התאמה מרבית בין תלוליות השיניים ללא תלות ב-CR
136,שיקום וסגר,legacy_136,needs_literature_check,False,שחזור בחינה או שאלת תרגול מהגרסה הקודמת,,"ב-lateral excursion, מהו working side?",הצד שאליו הלסת התחתונה נעה
137,שיקום וסגר,legacy_137,needs_literature_check,False,שחזור בחינה או שאלת תרגול מהגרסה הקודמת,,איזה שיקום שתל מפחית סיכון לשאריות צמנט תת-חניכיות?,Screw-retained
138,שיקום וסגר,legacy_138,needs_literature_check,False,שחזור בחינה או שאלת תרגול מהגרסה הקודמת,,מהו ferrule effect בשן משוקמת?,טבעת דנטין היקפית מעל קו הסיום המשפרת עמידות לשבר
139,שיקום וסגר,legacy_139,needs_literature_check,False,שחזור בחינה או שאלת תרגול מהגרסה הקודמת,,"בכתר קצר קלינית, הוספת grooves להכנה תורמת בעיקר ל:",Resistance form
140,שיקום וסגר,legacy_140,needs_literature_check,False,שחזור בחינה או שאלת תרגול מהגרסה הקודמת,,מהו אחד היתרונות של שיקום מוברג על שתל?,Retrievability
141,משמרת וחומרים,legacy_141,needs_literature_check,False,שחזור בחינה או שאלת תרגול מהגרסה הקודמת,,מהו המרכיב הפוטואיניציאטורי הנפוץ בקומפוזיט light-cure?,Camphorquinone
142,משמרת וחומרים,legacy_142,needs_literature_check,False,שחזור בחינה או שאלת תרגול מהגרסה הקודמת,,מדוע נמנעים משימוש בחומר המכיל eugenol מתחת לקומפוזיט resin?,Eugenol עלול לעכב polymerization רדיקלי
143,משמרת וחומרים,legacy_143,needs_literature_check,False,שחזור בחינה או שאלת תרגול מהגרסה הקודמת,,מהו תפקיד acid etching באמייל?,יצירת microporosities לשיפור micromechanical retention
144,משמרת וחומרים,legacy_144,needs_literature_check,False,שחזור בחינה או שאלת תרגול מהגרסה הקודמת,,איזה חומר משחרר פלואוריד ונקשר כימית למבנה השן?,Glass ionomer cement
145,משמרת וחומרים,legacy_145,needs_literature_check,False,שחזור בחינה או שאלת תרגול מהגרסה הקודמת,,מהו polymerization shrinkage בקומפוזיט?,התכווצות נפחית במהלך ההקשיה
146,משמרת וחומרים,legacy_146,needs_literature_check,False,שחזור בחינה או שאלת תרגול מהגרסה הקודמת,,מהו C-factor?,היחס בין משטחים קשורים למשטחים חופשיים בחלל
147,משמרת וחומרים,legacy_147,needs_literature_check,False,שחזור בחינה או שאלת תרגול מהגרסה הקודמת,,מהי מטרת matrix band בשחזור Class II?,לשחזר קיר פרוקסימלי וקונטקט
148,משמרת וחומרים,legacy_148,needs_literature_check,False,שחזור בחינה או שאלת תרגול מהגרסה הקודמת,,מהו תפקיד wedge בשחזור Class II?,התאמת המטריצה בגבול הג׳ינג׳יבלי וסיוע בקונטקט
149,משמרת וחומרים,legacy_149,needs_literature_check,False,שחזור בחינה או שאלת תרגול מהגרסה הקודמת,,איזה חומר נחשב thermoplastic?,Impression compound
150,משמרת וחומרים,legacy_150,needs_literature_check,False,שחזור בחינה או שאלת תרגול מהגרסה הקודמת,,מהו היתרון העיקרי של rubber dam בשחזור adhesive?,שליטה בלחות ובידוד השדה
151,רפואת שיניים לילדים,legacy_151,needs_literature_check,False,שחזור בחינה או שאלת תרגול מהגרסה הקודמת,,מהי הגדרת early childhood caries (ECC)?,נוכחות משטח עששתי/חסר/משוחזר עקב עששת בשן נשירה בילד מתחת לגיל 6
152,רפואת שיניים לילדים,legacy_152,needs_literature_check,False,שחזור בחינה או שאלת תרגול מהגרסה הקודמת,,מהו חומר האיטום המקובל ל-pit and fissure sealant?,Resin-based sealant או glass ionomer לפי אינדיקציה
153,רפואת שיניים לילדים,legacy_153,needs_literature_check,False,שחזור בחינה או שאלת תרגול מהגרסה הקודמת,,מהו טיפול מועדף ל-avulsion של שן נשירה?,לא להשתיל מחדש
154,רפואת שיניים לילדים,legacy_154,needs_literature_check,False,שחזור בחינה או שאלת תרגול מהגרסה הקודמת,,"ב-avulsion של שן קבועה בשלה, מהו העיקרון החשוב ביותר לפרוגנוזת PDL?",קיצור זמן יובש חוץ-פה
155,רפואת שיניים לילדים,legacy_155,needs_literature_check,False,שחזור בחינה או שאלת תרגול מהגרסה הקודמת,,איזו שן נשירה מוחלפת בדרך כלל על ידי premolar?,טוחנת נשירה
156,רפואת שיניים לילדים,legacy_156,needs_literature_check,False,שחזור בחינה או שאלת תרגול מהגרסה הקודמת,,מהו pulpotomy?,הסרת המוך הכותרתי ושימור המוך הרדיקולרי החי במקרים מתאימים
157,רפואת שיניים לילדים,legacy_157,needs_literature_check,False,שחזור בחינה או שאלת תרגול מהגרסה הקודמת,,מהו space maintainer?,מכשיר לשמירת מקום לאחר אובדן מוקדם של שן נשירה
158,רפואת שיניים לילדים,legacy_158,needs_literature_check,False,שחזור בחינה או שאלת תרגול מהגרסה הקודמת,,איזה ממצא מחשיד להתעללות בילד?,פציעות בשלבי ריפוי שונים עם סיפור שאינו תואם
159,רפואת שיניים לילדים,legacy_159,needs_literature_check,False,שחזור בחינה או שאלת תרגול מהגרסה הקודמת,,מהי fluorosis?,היפומינרליזציה של אמייל עקב צריכת פלואוריד עודפת בזמן התפתחות השן
160,רפואת שיניים לילדים,legacy_160,needs_literature_check,False,שחזור בחינה או שאלת תרגול מהגרסה הקודמת,,איזה משטר צחצוח מתאים לילד צעיר?,פעמיים ביום עם משחת פלואוריד בכמות מותאמת גיל ובהשגחת מבוגר
161,חוק ואתיקה,legacy_161,needs_literature_check,False,שחזור בחינה או שאלת תרגול מהגרסה הקודמת,,מהו autonomy?,זכות המטופל לקבל החלטה מושכלת לגבי טיפול
162,חוק ואתיקה,legacy_162,needs_literature_check,False,שחזור בחינה או שאלת תרגול מהגרסה הקודמת,,מהו beneficence?,פעולה לטובת המטופל
163,חוק ואתיקה,legacy_163,needs_literature_check,False,שחזור בחינה או שאלת תרגול מהגרסה הקודמת,,מהו non-maleficence?,הימנעות מגרימת נזק
164,חוק ואתיקה,legacy_164,needs_literature_check,False,שחזור בחינה או שאלת תרגול מהגרסה הקודמת,,מהו informed consent תקין?,"מידע על אבחנה, חלופות, סיכונים ותועלות והסכמה חופשית"
165,רפואת חולים מורכבים,legacy_165,needs_literature_check,False,שחזור בחינה או שאלת תרגול מהגרסה הקודמת,,מהי התרופה הראשונה ברוב מקרי anaphylaxis?,IM epinephrine
166,רפואת חולים מורכבים,legacy_166,needs_literature_check,False,שחזור בחינה או שאלת תרגול מהגרסה הקודמת,,מטופל מפתח כאב חזה חשוד ל-angina במהלך טיפול. מהו צעד ראשוני מתאים?,"להפסיק טיפול, להושיב/להעריך ולתת nitroglycerin אם נרשם ומתאים"
167,רפואת חולים מורכבים,legacy_167,needs_literature_check,False,שחזור בחינה או שאלת תרגול מהגרסה הקודמת,,מהו הטיפול הראשוני המקובל ב-syncope vasovagal במרפאת שיניים?,השכבה עם רגליים מורמות והערכת ABC
168,רפואת חולים מורכבים,legacy_168,needs_literature_check,False,שחזור בחינה או שאלת תרגול מהגרסה הקודמת,,איזה ערך מעבדה משמש לניטור warfarin?,INR
169,רפואת חולים מורכבים,legacy_169,needs_literature_check,False,שחזור בחינה או שאלת תרגול מהגרסה הקודמת,,איזו תרופה אנטי-טסייתית נפוצה היא clopidogrel?,P2Y12 inhibitor
170,רפואת חולים מורכבים,legacy_170,needs_literature_check,False,שחזור בחינה או שאלת תרגול מהגרסה הקודמת,,האם יש להפסיק aspirin באופן שגרתי לפני עקירה פשוטה?,לא; ברוב המקרים ממשיכים ומשתמשים בהמוסטזיס מקומי
171,רפואת חולים מורכבים,legacy_171,needs_literature_check,False,שחזור בחינה או שאלת תרגול מהגרסה הקודמת,,מתי אנטיביוטיקה סיסטמית נדרשת יותר בזיהום odontogenic?,כשיש סימנים סיסטמיים או התפשטות מעבר לאתר מקומי בנוסף ל-source control
172,רפואת חולים מורכבים,legacy_172,needs_literature_check,False,שחזור בחינה או שאלת תרגול מהגרסה הקודמת,,מהי תופעת לוואי חשובה של NSAIDs?,סיכון לדימום וגירוי/כיב GI ופגיעה כלייתית
173,רפואת חולים מורכבים,legacy_173,needs_literature_check,False,שחזור בחינה או שאלת תרגול מהגרסה הקודמת,,"איזה analgesic נחשב לרוב לבחירה בטוחה יותר במטופל עם סיכון מוגבר לדימום, אם אין התוויית נגד אחרת?",Acetaminophen
174,רפואת חולים מורכבים,legacy_174,needs_literature_check,False,שחזור בחינה או שאלת תרגול מהגרסה הקודמת,,איזה סימן מתאים ל-hypoglycemia?,"הזעה, רעד, בלבול"
175,רפואת חולים מורכבים,legacy_175,needs_literature_check,False,שחזור בחינה או שאלת תרגול מהגרסה הקודמת,,"במטופל בהכרה עם hypoglycemia, מהו טיפול ראשוני?",מתן פחמימה/גלוקוז פומי מהיר ספיגה
176,רפואת חולים מורכבים,legacy_176,needs_literature_check,False,שחזור בחינה או שאלת תרגול מהגרסה הקודמת,,איזה מדד משמש להערכת איזון סוכרת לאורך מספר חודשים?,HbA1c
177,חוק ואתיקה,legacy_177,needs_literature_check,False,שחזור בחינה או שאלת תרגול מהגרסה הקודמת,,מהו עקרון justice באתיקה רפואית?,חלוקה הוגנת ושוויונית של טיפול ומשאבים
178,רדיולוגיה,legacy_178,needs_literature_check,False,שחזור בחינה או שאלת תרגול מהגרסה הקודמת,,מהו עקרון ALARA בהדמיה דנטלית?,להשתמש במינון קרינה נמוך ככל שניתן להשיג באופן סביר
179,כירורגיה,legacy_179,needs_literature_check,False,שחזור בחינה או שאלת תרגול מהגרסה הקודמת,,איזה כלי משמש להפרדת ligament periodontal לפני עקירה אטראומטית?,Periotome
180,שיקום וסגר,legacy_180,needs_literature_check,False,שחזור בחינה או שאלת תרגול מהגרסה הקודמת,,מהו תפקיד indirect retainer בתותבת distal-extension?,להתנגד לסיבוב בסיס התותבת הרחק מהרקמות סביב קו ה-fulcrum
181,חולה מורכב ופרמקולוגיה,anticoag_continue,verified_authoritative,True,"American Dental Association, Oral Anticoagulant and Antiplatelet Medications and Dental Procedures",https://www.ada.org/resources/ada-library/oral-health-topics/oral-anticoagulant-and-antiplatelet-medications-and-dental-procedures,מטופל הנוטל warfarin בטווח טיפולי זקוק לעקירה פשוטה. מהי הגישה העקרונית?,ברוב המקרים להמשיך טיפול ולשלוט בדימום באמצעים מקומיים
182,חולה מורכב ופרמקולוגיה,anticoag_continue,verified_authoritative,True,"American Dental Association, Oral Anticoagulant and Antiplatelet Medications and Dental Procedures",https://www.ada.org/resources/ada-library/oral-health-topics/oral-anticoagulant-and-antiplatelet-medications-and-dental-procedures,בבחינת רישוי נשאלת השאלה הבאה: מטופל הנוטל warfarin בטווח טיפולי זקוק לעקירה פשוטה. מהי הגישה העקרונית?,ברוב המקרים להמשיך טיפול ולשלוט בדימום באמצעים מקומיים
183,חולה מורכב ופרמקולוגיה,anticoag_continue,verified_authoritative,True,"American Dental Association, Oral Anticoagulant and Antiplatelet Medications and Dental Procedures",https://www.ada.org/resources/ada-library/oral-health-topics/oral-anticoagulant-and-antiplatelet-medications-and-dental-procedures,"במקרה קליני מתאים, מטופל הנוטל warfarin בטווח טיפולי זקוק לעקירה פשוטה. מהי הגישה העקרונית?",ברוב המקרים להמשיך טיפול ולשלוט בדימום באמצעים מקומיים
184,חולה מורכב ופרמקולוגיה,anticoag_continue,verified_authoritative,True,"American Dental Association, Oral Anticoagulant and Antiplatelet Medications and Dental Procedures",https://www.ada.org/resources/ada-library/oral-health-topics/oral-anticoagulant-and-antiplatelet-medications-and-dental-procedures,בחר את התשובה הנכונה ביותר: מטופל הנוטל warfarin בטווח טיפולי זקוק לעקירה פשוטה. מהי הגישה העקרונית?,ברוב המקרים להמשיך טיפול ולשלוט בדימום באמצעים מקומיים
185,חולה מורכב ופרמקולוגיה,antiplatelet_stent,verified_authoritative,True,"American Dental Association, Oral Anticoagulant and Antiplatelet Medications and Dental Procedures",https://www.ada.org/resources/ada-library/oral-health-topics/oral-anticoagulant-and-antiplatelet-medications-and-dental-procedures,מטופל לאחר stent מקבל aspirin ו-clopidogrel ונדרש לטיפול דנטלי פולשני קטן. מה נכון?,לא להפסיק טיפול אנטי-טסייתי מוקדם; אם עולה שאלה יש להתייעץ עם הקרדיולוג
186,חולה מורכב ופרמקולוגיה,antiplatelet_stent,verified_authoritative,True,"American Dental Association, Oral Anticoagulant and Antiplatelet Medications and Dental Procedures",https://www.ada.org/resources/ada-library/oral-health-topics/oral-anticoagulant-and-antiplatelet-medications-and-dental-procedures,בבחינת רישוי נשאלת השאלה הבאה: מטופל לאחר stent מקבל aspirin ו-clopidogrel ונדרש לטיפול דנטלי פולשני קטן. מה נכון?,לא להפסיק טיפול אנטי-טסייתי מוקדם; אם עולה שאלה יש להתייעץ עם הקרדיולוג
187,חולה מורכב ופרמקולוגיה,antiplatelet_stent,verified_authoritative,True,"American Dental Association, Oral Anticoagulant and Antiplatelet Medications and Dental Procedures",https://www.ada.org/resources/ada-library/oral-health-topics/oral-anticoagulant-and-antiplatelet-medications-and-dental-procedures,"במקרה קליני מתאים, מטופל לאחר stent מקבל aspirin ו-clopidogrel ונדרש לטיפול דנטלי פולשני קטן. מה נכון?",לא להפסיק טיפול אנטי-טסייתי מוקדם; אם עולה שאלה יש להתייעץ עם הקרדיולוג
188,חולה מורכב ופרמקולוגיה,antiplatelet_stent,verified_authoritative,True,"American Dental Association, Oral Anticoagulant and Antiplatelet Medications and Dental Procedures",https://www.ada.org/resources/ada-library/oral-health-topics/oral-anticoagulant-and-antiplatelet-medications-and-dental-procedures,בחר את התשובה הנכונה ביותר: מטופל לאחר stent מקבל aspirin ו-clopidogrel ונדרש לטיפול דנטלי פולשני קטן. מה נכון?,לא להפסיק טיפול אנטי-טסייתי מוקדם; אם עולה שאלה יש להתייעץ עם הקרדיולוג
189,חולה מורכב ופרמקולוגיה,doac_minor,verified_authoritative,True,"American Dental Association, Oral Anticoagulant and Antiplatelet Medications and Dental Procedures",https://www.ada.org/resources/ada-library/oral-health-topics/oral-anticoagulant-and-antiplatelet-medications-and-dental-procedures,מטופל הנוטל apixaban זקוק לעקירת שן אחת ללא גורמי סיכון נוספים לדימום. מה העיקרון?,ברוב המקרים אין צורך לשנות את התרופה
190,חולה מורכב ופרמקולוגיה,doac_minor,verified_authoritative,True,"American Dental Association, Oral Anticoagulant and Antiplatelet Medications and Dental Procedures",https://www.ada.org/resources/ada-library/oral-health-topics/oral-anticoagulant-and-antiplatelet-medications-and-dental-procedures,בבחינת רישוי נשאלת השאלה הבאה: מטופל הנוטל apixaban זקוק לעקירת שן אחת ללא גורמי סיכון נוספים לדימום. מה העיקרון?,ברוב המקרים אין צורך לשנות את התרופה
191,חולה מורכב ופרמקולוגיה,doac_minor,verified_authoritative,True,"American Dental Association, Oral Anticoagulant and Antiplatelet Medications and Dental Procedures",https://www.ada.org/resources/ada-library/oral-health-topics/oral-anticoagulant-and-antiplatelet-medications-and-dental-procedures,"במקרה קליני מתאים, מטופל הנוטל apixaban זקוק לעקירת שן אחת ללא גורמי סיכון נוספים לדימום. מה העיקרון?",ברוב המקרים אין צורך לשנות את התרופה
192,חולה מורכב ופרמקולוגיה,doac_minor,verified_authoritative,True,"American Dental Association, Oral Anticoagulant and Antiplatelet Medications and Dental Procedures",https://www.ada.org/resources/ada-library/oral-health-topics/oral-anticoagulant-and-antiplatelet-medications-and-dental-procedures,בחר את התשובה הנכונה ביותר: מטופל הנוטל apixaban זקוק לעקירת שן אחת ללא גורמי סיכון נוספים לדימום. מה העיקרון?,ברוב המקרים אין צורך לשנות את התרופה
193,חולה מורכב ופרמקולוגיה,warfarin_monitor,verified_authoritative,True,"American Dental Association, Oral Anticoagulant and Antiplatelet Medications and Dental Procedures",https://www.ada.org/resources/ada-library/oral-health-topics/oral-anticoagulant-and-antiplatelet-medications-and-dental-procedures,איזו בדיקה משמשת לניטור השפעת warfarin?,INR
194,חולה מורכב ופרמקולוגיה,warfarin_monitor,verified_authoritative,True,"American Dental Association, Oral Anticoagulant and Antiplatelet Medications and Dental Procedures",https://www.ada.org/resources/ada-library/oral-health-topics/oral-anticoagulant-and-antiplatelet-medications-and-dental-procedures,בבחינת רישוי נשאלת השאלה הבאה: איזו בדיקה משמשת לניטור השפעת warfarin?,INR
195,חולה מורכב ופרמקולוגיה,warfarin_monitor,verified_authoritative,True,"American Dental Association, Oral Anticoagulant and Antiplatelet Medications and Dental Procedures",https://www.ada.org/resources/ada-library/oral-health-topics/oral-anticoagulant-and-antiplatelet-medications-and-dental-procedures,"במקרה קליני מתאים, איזו בדיקה משמשת לניטור השפעת warfarin?",INR
196,חולה מורכב ופרמקולוגיה,warfarin_monitor,verified_authoritative,True,"American Dental Association, Oral Anticoagulant and Antiplatelet Medications and Dental Procedures",https://www.ada.org/resources/ada-library/oral-health-topics/oral-anticoagulant-and-antiplatelet-medications-and-dental-procedures,בחר את התשובה הנכונה ביותר: איזו בדיקה משמשת לניטור השפעת warfarin?,INR
197,חולה מורכב ופרמקולוגיה,ie_highrisk,verified_authoritative,True,"American Dental Association / AHA, Antibiotic Prophylaxis Prior to Dental Procedures",https://www.ada.org/resources/ada-library/oral-health-topics/antibiotic-prophylaxis,באיזה מטופל קיימת אינדיקציה טיפוסית לפרופילקסיס של infective endocarditis לפני טיפול דנטלי מתאים?,מסתם לב תותב
198,חולה מורכב ופרמקולוגיה,ie_highrisk,verified_authoritative,True,"American Dental Association / AHA, Antibiotic Prophylaxis Prior to Dental Procedures",https://www.ada.org/resources/ada-library/oral-health-topics/antibiotic-prophylaxis,בבחינת רישוי נשאלת השאלה הבאה: באיזה מטופל קיימת אינדיקציה טיפוסית לפרופילקסיס של infective endocarditis לפני טיפול דנטלי מתאים?,מסתם לב תותב
199,חולה מורכב ופרמקולוגיה,ie_highrisk,verified_authoritative,True,"American Dental Association / AHA, Antibiotic Prophylaxis Prior to Dental Procedures",https://www.ada.org/resources/ada-library/oral-health-topics/antibiotic-prophylaxis,"במקרה קליני מתאים, באיזה מטופל קיימת אינדיקציה טיפוסית לפרופילקסיס של infective endocarditis לפני טיפול דנטלי מתאים?",מסתם לב תותב
200,חולה מורכב ופרמקולוגיה,ie_highrisk,verified_authoritative,True,"American Dental Association / AHA, Antibiotic Prophylaxis Prior to Dental Procedures",https://www.ada.org/resources/ada-library/oral-health-topics/antibiotic-prophylaxis,בחר את התשובה הנכונה ביותר: באיזה מטופל קיימת אינדיקציה טיפוסית לפרופילקסיס של infective endocarditis לפני טיפול דנטלי מתאים?,מסתם לב תותב
201,חולה מורכב ופרמקולוגיה,ie_procedure,verified_authoritative,True,"American Dental Association / AHA, Antibiotic Prophylaxis Prior to Dental Procedures",https://www.ada.org/resources/ada-library/oral-health-topics/antibiotic-prophylaxis,"במטופל בעל אינדיקציה לפרופילקסיס IE, לאיזה טיפול דנטלי היא רלוונטית?","טיפול המערב מניפולציה של החניכיים או האזור הפריאפיקלי, או פרפורציה של המוקוזה"
202,חולה מורכב ופרמקולוגיה,ie_procedure,verified_authoritative,True,"American Dental Association / AHA, Antibiotic Prophylaxis Prior to Dental Procedures",https://www.ada.org/resources/ada-library/oral-health-topics/antibiotic-prophylaxis,"בבחינת רישוי נשאלת השאלה הבאה: במטופל בעל אינדיקציה לפרופילקסיס IE, לאיזה טיפול דנטלי היא רלוונטית?","טיפול המערב מניפולציה של החניכיים או האזור הפריאפיקלי, או פרפורציה של המוקוזה"
203,חולה מורכב ופרמקולוגיה,ie_procedure,verified_authoritative,True,"American Dental Association / AHA, Antibiotic Prophylaxis Prior to Dental Procedures",https://www.ada.org/resources/ada-library/oral-health-topics/antibiotic-prophylaxis,"במקרה קליני מתאים, במטופל בעל אינדיקציה לפרופילקסיס IE, לאיזה טיפול דנטלי היא רלוונטית?","טיפול המערב מניפולציה של החניכיים או האזור הפריאפיקלי, או פרפורציה של המוקוזה"
204,חולה מורכב ופרמקולוגיה,ie_procedure,verified_authoritative,True,"American Dental Association / AHA, Antibiotic Prophylaxis Prior to Dental Procedures",https://www.ada.org/resources/ada-library/oral-health-topics/antibiotic-prophylaxis,"בחר את התשובה הנכונה ביותר: במטופל בעל אינדיקציה לפרופילקסיס IE, לאיזה טיפול דנטלי היא רלוונטית?","טיפול המערב מניפולציה של החניכיים או האזור הפריאפיקלי, או פרפורציה של המוקוזה"
205,חולה מורכב ופרמקולוגיה,ie_missed,verified_authoritative,True,"American Dental Association / AHA, Antibiotic Prophylaxis Prior to Dental Procedures",https://www.ada.org/resources/ada-library/oral-health-topics/antibiotic-prophylaxis,מטופל עם אינדיקציה לפרופילקסיס IE שכח ליטול את האנטיביוטיקה לפני הפעולה. מה ניתן לעשות לפי ההנחיות?,ניתן לתת עד שעתיים לאחר הפעולה אם המנה לא ניתנה קודם
206,חולה מורכב ופרמקולוגיה,ie_missed,verified_authoritative,True,"American Dental Association / AHA, Antibiotic Prophylaxis Prior to Dental Procedures",https://www.ada.org/resources/ada-library/oral-health-topics/antibiotic-prophylaxis,בבחינת רישוי נשאלת השאלה הבאה: מטופל עם אינדיקציה לפרופילקסיס IE שכח ליטול את האנטיביוטיקה לפני הפעולה. מה ניתן לעשות לפי ההנחיות?,ניתן לתת עד שעתיים לאחר הפעולה אם המנה לא ניתנה קודם
207,חולה מורכב ופרמקולוגיה,ie_missed,verified_authoritative,True,"American Dental Association / AHA, Antibiotic Prophylaxis Prior to Dental Procedures",https://www.ada.org/resources/ada-library/oral-health-topics/antibiotic-prophylaxis,"במקרה קליני מתאים, מטופל עם אינדיקציה לפרופילקסיס IE שכח ליטול את האנטיביוטיקה לפני הפעולה. מה ניתן לעשות לפי ההנחיות?",ניתן לתת עד שעתיים לאחר הפעולה אם המנה לא ניתנה קודם
208,חולה מורכב ופרמקולוגיה,ie_missed,verified_authoritative,True,"American Dental Association / AHA, Antibiotic Prophylaxis Prior to Dental Procedures",https://www.ada.org/resources/ada-library/oral-health-topics/antibiotic-prophylaxis,בחר את התשובה הנכונה ביותר: מטופל עם אינדיקציה לפרופילקסיס IE שכח ליטול את האנטיביוטיקה לפני הפעולה. מה ניתן לעשות לפי ההנחיות?,ניתן לתת עד שעתיים לאחר הפעולה אם המנה לא ניתנה קודם
209,חולה מורכב ופרמקולוגיה,mronj_risk,verified_authoritative,True,"American Dental Association, Osteoporosis Medications and MRONJ",https://www.ada.org/resources/ada-library/oral-health-topics/osteoporosis-medications,איזה מצב מעלה במיוחד את הסיכון ל-MRONJ?,טיפול אנטירזורפטיבי במינון אונקולוגי גבוה
210,חולה מורכב ופרמקולוגיה,mronj_risk,verified_authoritative,True,"American Dental Association, Osteoporosis Medications and MRONJ",https://www.ada.org/resources/ada-library/oral-health-topics/osteoporosis-medications,בבחינת רישוי נשאלת השאלה הבאה: איזה מצב מעלה במיוחד את הסיכון ל-MRONJ?,טיפול אנטירזורפטיבי במינון אונקולוגי גבוה
211,חולה מורכב ופרמקולוגיה,mronj_risk,verified_authoritative,True,"American Dental Association, Osteoporosis Medications and MRONJ",https://www.ada.org/resources/ada-library/oral-health-topics/osteoporosis-medications,"במקרה קליני מתאים, איזה מצב מעלה במיוחד את הסיכון ל-MRONJ?",טיפול אנטירזורפטיבי במינון אונקולוגי גבוה
212,חולה מורכב ופרמקולוגיה,mronj_risk,verified_authoritative,True,"American Dental Association, Osteoporosis Medications and MRONJ",https://www.ada.org/resources/ada-library/oral-health-topics/osteoporosis-medications,בחר את התשובה הנכונה ביותר: איזה מצב מעלה במיוחד את הסיכון ל-MRONJ?,טיפול אנטירזורפטיבי במינון אונקולוגי גבוה
213,חולה מורכב ופרמקולוגיה,mronj_holiday,verified_authoritative,True,"American Dental Association, Osteoporosis Medications and MRONJ",https://www.ada.org/resources/ada-library/oral-health-topics/osteoporosis-medications,מטופלת מקבלת bisphosphonate פומי לאוסטאופורוזיס. מה נכון לגבי drug holiday לפני טיפול דנטלי?,אין ראיות מספיקות להמליץ באופן שגרתי על drug holiday למניעת MRONJ
214,חולה מורכב ופרמקולוגיה,mronj_holiday,verified_authoritative,True,"American Dental Association, Osteoporosis Medications and MRONJ",https://www.ada.org/resources/ada-library/oral-health-topics/osteoporosis-medications,בבחינת רישוי נשאלת השאלה הבאה: מטופלת מקבלת bisphosphonate פומי לאוסטאופורוזיס. מה נכון לגבי drug holiday לפני טיפול דנטלי?,אין ראיות מספיקות להמליץ באופן שגרתי על drug holiday למניעת MRONJ
215,חולה מורכב ופרמקולוגיה,mronj_holiday,verified_authoritative,True,"American Dental Association, Osteoporosis Medications and MRONJ",https://www.ada.org/resources/ada-library/oral-health-topics/osteoporosis-medications,"במקרה קליני מתאים, מטופלת מקבלת bisphosphonate פומי לאוסטאופורוזיס. מה נכון לגבי drug holiday לפני טיפול דנטלי?",אין ראיות מספיקות להמליץ באופן שגרתי על drug holiday למניעת MRONJ
216,חולה מורכב ופרמקולוגיה,mronj_holiday,verified_authoritative,True,"American Dental Association, Osteoporosis Medications and MRONJ",https://www.ada.org/resources/ada-library/oral-health-topics/osteoporosis-medications,בחר את התשובה הנכונה ביותר: מטופלת מקבלת bisphosphonate פומי לאוסטאופורוזיס. מה נכון לגבי drug holiday לפני טיפול דנטלי?,אין ראיות מספיקות להמליץ באופן שגרתי על drug holiday למניעת MRONJ
217,חולה מורכב ופרמקולוגיה,preg_dental,verified_authoritative,True,"American Dental Association, Pregnancy",https://www.ada.org/resources/ada-library/oral-health-topics/pregnancy,מטופלת בהריון זקוקה לטיפול שורש דחוף. מה נכון?,"טיפול דנטלי נחוץ, כולל אנדודונטיה, יכול להתבצע במהלך ההריון"
218,חולה מורכב ופרמקולוגיה,preg_dental,verified_authoritative,True,"American Dental Association, Pregnancy",https://www.ada.org/resources/ada-library/oral-health-topics/pregnancy,בבחינת רישוי נשאלת השאלה הבאה: מטופלת בהריון זקוקה לטיפול שורש דחוף. מה נכון?,"טיפול דנטלי נחוץ, כולל אנדודונטיה, יכול להתבצע במהלך ההריון"
219,חולה מורכב ופרמקולוגיה,preg_dental,verified_authoritative,True,"American Dental Association, Pregnancy",https://www.ada.org/resources/ada-library/oral-health-topics/pregnancy,"במקרה קליני מתאים, מטופלת בהריון זקוקה לטיפול שורש דחוף. מה נכון?","טיפול דנטלי נחוץ, כולל אנדודונטיה, יכול להתבצע במהלך ההריון"
220,חולה מורכב ופרמקולוגיה,preg_dental,verified_authoritative,True,"American Dental Association, Pregnancy",https://www.ada.org/resources/ada-library/oral-health-topics/pregnancy,בחר את התשובה הנכונה ביותר: מטופלת בהריון זקוקה לטיפול שורש דחוף. מה נכון?,"טיפול דנטלי נחוץ, כולל אנדודונטיה, יכול להתבצע במהלך ההריון"
221,רדיולוגיה,rad_individual,verified_authoritative,True,"ADA/AAOMR, Dental Radiography Patient Selection and Radiation Safety, 2026",https://www.ada.org/resources/ada-library/oral-health-topics/x-rays-radiographs,מהו העיקרון המרכזי בבחירת צילום דנטלי?,לבסס את הצילום על צורך קליני פרטני לאחר היסטוריה ובדיקה
222,רדיולוגיה,rad_individual,verified_authoritative,True,"ADA/AAOMR, Dental Radiography Patient Selection and Radiation Safety, 2026",https://www.ada.org/resources/ada-library/oral-health-topics/x-rays-radiographs,בבחינת רישוי נשאלת השאלה הבאה: מהו העיקרון המרכזי בבחירת צילום דנטלי?,לבסס את הצילום על צורך קליני פרטני לאחר היסטוריה ובדיקה
223,רדיולוגיה,rad_individual,verified_authoritative,True,"ADA/AAOMR, Dental Radiography Patient Selection and Radiation Safety, 2026",https://www.ada.org/resources/ada-library/oral-health-topics/x-rays-radiographs,"במקרה קליני מתאים, מהו העיקרון המרכזי בבחירת צילום דנטלי?",לבסס את הצילום על צורך קליני פרטני לאחר היסטוריה ובדיקה
224,רדיולוגיה,rad_individual,verified_authoritative,True,"ADA/AAOMR, Dental Radiography Patient Selection and Radiation Safety, 2026",https://www.ada.org/resources/ada-library/oral-health-topics/x-rays-radiographs,בחר את התשובה הנכונה ביותר: מהו העיקרון המרכזי בבחירת צילום דנטלי?,לבסס את הצילום על צורך קליני פרטני לאחר היסטוריה ובדיקה
225,רדיולוגיה,rad_cbct,verified_authoritative,True,"ADA/AAOMR, Dental Radiography Patient Selection and Radiation Safety, 2026",https://www.ada.org/resources/ada-library/oral-health-topics/x-rays-radiographs,מתי יש לשקול CBCT?,כאשר המידע הדרוש אינו ניתן להשגה באפשרות עם חשיפה נמוכה יותר
226,רדיולוגיה,rad_cbct,verified_authoritative,True,"ADA/AAOMR, Dental Radiography Patient Selection and Radiation Safety, 2026",https://www.ada.org/resources/ada-library/oral-health-topics/x-rays-radiographs,בבחינת רישוי נשאלת השאלה הבאה: מתי יש לשקול CBCT?,כאשר המידע הדרוש אינו ניתן להשגה באפשרות עם חשיפה נמוכה יותר
227,רדיולוגיה,rad_cbct,verified_authoritative,True,"ADA/AAOMR, Dental Radiography Patient Selection and Radiation Safety, 2026",https://www.ada.org/resources/ada-library/oral-health-topics/x-rays-radiographs,"במקרה קליני מתאים, מתי יש לשקול CBCT?",כאשר המידע הדרוש אינו ניתן להשגה באפשרות עם חשיפה נמוכה יותר
228,רדיולוגיה,rad_cbct,verified_authoritative,True,"ADA/AAOMR, Dental Radiography Patient Selection and Radiation Safety, 2026",https://www.ada.org/resources/ada-library/oral-health-topics/x-rays-radiographs,בחר את התשובה הנכונה ביותר: מתי יש לשקול CBCT?,כאשר המידע הדרוש אינו ניתן להשגה באפשרות עם חשיפה נמוכה יותר
229,רדיולוגיה,rad_collimation,verified_authoritative,True,"ADA/AAOMR, Dental Radiography Patient Selection and Radiation Safety, 2026",https://www.ada.org/resources/ada-library/oral-health-topics/x-rays-radiographs,איזו פעולה מפחיתה חשיפה בקרינת רנטגן דנטלית?,קולימציה מלבנית לאזור העניין
230,רדיולוגיה,rad_collimation,verified_authoritative,True,"ADA/AAOMR, Dental Radiography Patient Selection and Radiation Safety, 2026",https://www.ada.org/resources/ada-library/oral-health-topics/x-rays-radiographs,בבחינת רישוי נשאלת השאלה הבאה: איזו פעולה מפחיתה חשיפה בקרינת רנטגן דנטלית?,קולימציה מלבנית לאזור העניין
231,רדיולוגיה,rad_collimation,verified_authoritative,True,"ADA/AAOMR, Dental Radiography Patient Selection and Radiation Safety, 2026",https://www.ada.org/resources/ada-library/oral-health-topics/x-rays-radiographs,"במקרה קליני מתאים, איזו פעולה מפחיתה חשיפה בקרינת רנטגן דנטלית?",קולימציה מלבנית לאזור העניין
232,רדיולוגיה,rad_collimation,verified_authoritative,True,"ADA/AAOMR, Dental Radiography Patient Selection and Radiation Safety, 2026",https://www.ada.org/resources/ada-library/oral-health-topics/x-rays-radiographs,בחר את התשובה הנכונה ביותר: איזו פעולה מפחיתה חשיפה בקרינת רנטגן דנטלית?,קולימציה מלבנית לאזור העניין
233,רדיולוגיה,rad_previous,verified_authoritative,True,"ADA/AAOMR, Dental Radiography Patient Selection and Radiation Safety, 2026",https://www.ada.org/resources/ada-library/oral-health-topics/x-rays-radiographs,"לפני צילום חדש, מה מומלץ לעשות כאשר ניתן?",לנסות להשיג צילומים קודמים ולהימנע מחשיפה מיותרת
234,רדיולוגיה,rad_previous,verified_authoritative,True,"ADA/AAOMR, Dental Radiography Patient Selection and Radiation Safety, 2026",https://www.ada.org/resources/ada-library/oral-health-topics/x-rays-radiographs,"בבחינת רישוי נשאלת השאלה הבאה: לפני צילום חדש, מה מומלץ לעשות כאשר ניתן?",לנסות להשיג צילומים קודמים ולהימנע מחשיפה מיותרת
235,רדיולוגיה,rad_previous,verified_authoritative,True,"ADA/AAOMR, Dental Radiography Patient Selection and Radiation Safety, 2026",https://www.ada.org/resources/ada-library/oral-health-topics/x-rays-radiographs,"במקרה קליני מתאים, לפני צילום חדש, מה מומלץ לעשות כאשר ניתן?",לנסות להשיג צילומים קודמים ולהימנע מחשיפה מיותרת
236,רדיולוגיה,rad_previous,verified_authoritative,True,"ADA/AAOMR, Dental Radiography Patient Selection and Radiation Safety, 2026",https://www.ada.org/resources/ada-library/oral-health-topics/x-rays-radiographs,"בחר את התשובה הנכונה ביותר: לפני צילום חדש, מה מומלץ לעשות כאשר ניתן?",לנסות להשיג צילומים קודמים ולהימנע מחשיפה מיותרת
237,רדיולוגיה,rad_preg,verified_authoritative,True,"American Dental Association, Pregnancy",https://www.ada.org/resources/ada-library/oral-health-topics/pregnancy,האם ניתן לבצע צילום דנטלי בהריון כאשר קיימת אינדיקציה?,"כן, כאשר הוא נחוץ קלינית"
238,רדיולוגיה,rad_preg,verified_authoritative,True,"American Dental Association, Pregnancy",https://www.ada.org/resources/ada-library/oral-health-topics/pregnancy,בבחינת רישוי נשאלת השאלה הבאה: האם ניתן לבצע צילום דנטלי בהריון כאשר קיימת אינדיקציה?,"כן, כאשר הוא נחוץ קלינית"
239,רדיולוגיה,rad_preg,verified_authoritative,True,"American Dental Association, Pregnancy",https://www.ada.org/resources/ada-library/oral-health-topics/pregnancy,"במקרה קליני מתאים, האם ניתן לבצע צילום דנטלי בהריון כאשר קיימת אינדיקציה?","כן, כאשר הוא נחוץ קלינית"
240,רדיולוגיה,rad_preg,verified_authoritative,True,"American Dental Association, Pregnancy",https://www.ada.org/resources/ada-library/oral-health-topics/pregnancy,בחר את התשובה הנכונה ביותר: האם ניתן לבצע צילום דנטלי בהריון כאשר קיימת אינדיקציה?,"כן, כאשר הוא נחוץ קלינית"
241,רדיולוגיה,rad_shield,verified_authoritative,True,"ADA/AAOMR, Dental Radiography Patient Selection and Radiation Safety, 2026",https://www.ada.org/resources/ada-library/oral-health-topics/x-rays-radiographs,"לפי ההמלצות העדכניות, מה נכון לגבי מיגון עופרת שגרתי למטופל בצילום דנטלי?",אינו מומלץ באופן שגרתי ברוב ההדמיות הדנטליות העדכניות
242,רדיולוגיה,rad_shield,verified_authoritative,True,"ADA/AAOMR, Dental Radiography Patient Selection and Radiation Safety, 2026",https://www.ada.org/resources/ada-library/oral-health-topics/x-rays-radiographs,"בבחינת רישוי נשאלת השאלה הבאה: לפי ההמלצות העדכניות, מה נכון לגבי מיגון עופרת שגרתי למטופל בצילום דנטלי?",אינו מומלץ באופן שגרתי ברוב ההדמיות הדנטליות העדכניות
243,רדיולוגיה,rad_shield,verified_authoritative,True,"ADA/AAOMR, Dental Radiography Patient Selection and Radiation Safety, 2026",https://www.ada.org/resources/ada-library/oral-health-topics/x-rays-radiographs,"במקרה קליני מתאים, לפי ההמלצות העדכניות, מה נכון לגבי מיגון עופרת שגרתי למטופל בצילום דנטלי?",אינו מומלץ באופן שגרתי ברוב ההדמיות הדנטליות העדכניות
244,רדיולוגיה,rad_shield,verified_authoritative,True,"ADA/AAOMR, Dental Radiography Patient Selection and Radiation Safety, 2026",https://www.ada.org/resources/ada-library/oral-health-topics/x-rays-radiographs,"בחר את התשובה הנכונה ביותר: לפי ההמלצות העדכניות, מה נכון לגבי מיגון עופרת שגרתי למטופל בצילום דנטלי?",אינו מומלץ באופן שגרתי ברוב ההדמיות הדנטליות העדכניות
245,רדיולוגיה,rad_alara,verified_authoritative,True,"ADA/AAOMR, Dental Radiography Patient Selection and Radiation Safety, 2026",https://www.ada.org/resources/ada-library/oral-health-topics/x-rays-radiographs,מה מייצג עקרון ALARA?,חשיפה נמוכה ככל שניתן להשיג באופן סביר תוך שמירה על צורך אבחנתי
246,רדיולוגיה,rad_alara,verified_authoritative,True,"ADA/AAOMR, Dental Radiography Patient Selection and Radiation Safety, 2026",https://www.ada.org/resources/ada-library/oral-health-topics/x-rays-radiographs,בבחינת רישוי נשאלת השאלה הבאה: מה מייצג עקרון ALARA?,חשיפה נמוכה ככל שניתן להשיג באופן סביר תוך שמירה על צורך אבחנתי
247,רדיולוגיה,rad_alara,verified_authoritative,True,"ADA/AAOMR, Dental Radiography Patient Selection and Radiation Safety, 2026",https://www.ada.org/resources/ada-library/oral-health-topics/x-rays-radiographs,"במקרה קליני מתאים, מה מייצג עקרון ALARA?",חשיפה נמוכה ככל שניתן להשיג באופן סביר תוך שמירה על צורך אבחנתי
248,רדיולוגיה,rad_alara,verified_authoritative,True,"ADA/AAOMR, Dental Radiography Patient Selection and Radiation Safety, 2026",https://www.ada.org/resources/ada-library/oral-health-topics/x-rays-radiographs,בחר את התשובה הנכונה ביותר: מה מייצג עקרון ALARA?,חשיפה נמוכה ככל שניתן להשיג באופן סביר תוך שמירה על צורך אבחנתי
249,רדיולוגיה,rad_diagnosis,verified_authoritative,True,"ADA/AAOMR, Dental Radiography Patient Selection and Radiation Safety, 2026",https://www.ada.org/resources/ada-library/oral-health-topics/x-rays-radiographs,איזה משפט נכון לגבי אבחנה על סמך צילום?,יש לשלב צילום עם היסטוריה ובדיקה קלינית
250,רדיולוגיה,rad_diagnosis,verified_authoritative,True,"ADA/AAOMR, Dental Radiography Patient Selection and Radiation Safety, 2026",https://www.ada.org/resources/ada-library/oral-health-topics/x-rays-radiographs,בבחינת רישוי נשאלת השאלה הבאה: איזה משפט נכון לגבי אבחנה על סמך צילום?,יש לשלב צילום עם היסטוריה ובדיקה קלינית
251,רדיולוגיה,rad_diagnosis,verified_authoritative,True,"ADA/AAOMR, Dental Radiography Patient Selection and Radiation Safety, 2026",https://www.ada.org/resources/ada-library/oral-health-topics/x-rays-radiographs,"במקרה קליני מתאים, איזה משפט נכון לגבי אבחנה על סמך צילום?",יש לשלב צילום עם היסטוריה ובדיקה קלינית
252,רדיולוגיה,rad_diagnosis,verified_authoritative,True,"ADA/AAOMR, Dental Radiography Patient Selection and Radiation Safety, 2026",https://www.ada.org/resources/ada-library/oral-health-topics/x-rays-radiographs,בחר את התשובה הנכונה ביותר: איזה משפט נכון לגבי אבחנה על סמך צילום?,יש לשלב צילום עם היסטוריה ובדיקה קלינית
253,רדיולוגיה,rad_child,verified_authoritative,True,"ADA/AAOMR, Dental Radiography Patient Selection and Radiation Safety, 2026",https://www.ada.org/resources/ada-library/oral-health-topics/x-rays-radiographs,מהו עקרון Image Gently בילדים?,להתאים את החשיפה לגודל הילד ולצורך הקליני
254,רדיולוגיה,rad_child,verified_authoritative,True,"ADA/AAOMR, Dental Radiography Patient Selection and Radiation Safety, 2026",https://www.ada.org/resources/ada-library/oral-health-topics/x-rays-radiographs,בבחינת רישוי נשאלת השאלה הבאה: מהו עקרון Image Gently בילדים?,להתאים את החשיפה לגודל הילד ולצורך הקליני
255,רדיולוגיה,rad_child,verified_authoritative,True,"ADA/AAOMR, Dental Radiography Patient Selection and Radiation Safety, 2026",https://www.ada.org/resources/ada-library/oral-health-topics/x-rays-radiographs,"במקרה קליני מתאים, מהו עקרון Image Gently בילדים?",להתאים את החשיפה לגודל הילד ולצורך הקליני
256,רדיולוגיה,rad_child,verified_authoritative,True,"ADA/AAOMR, Dental Radiography Patient Selection and Radiation Safety, 2026",https://www.ada.org/resources/ada-library/oral-health-topics/x-rays-radiographs,בחר את התשובה הנכונה ביותר: מהו עקרון Image Gently בילדים?,להתאים את החשיפה לגודל הילד ולצורך הקליני
257,רדיולוגיה,rad_digital,verified_authoritative,True,"ADA/AAOMR, Dental Radiography Patient Selection and Radiation Safety, 2026",https://www.ada.org/resources/ada-library/oral-health-topics/x-rays-radiographs,איזה אמצעי עשוי לתרום להפחתת מינון בצילום דנטלי?,קולטנים דיגיטליים יעילים
258,רדיולוגיה,rad_digital,verified_authoritative,True,"ADA/AAOMR, Dental Radiography Patient Selection and Radiation Safety, 2026",https://www.ada.org/resources/ada-library/oral-health-topics/x-rays-radiographs,בבחינת רישוי נשאלת השאלה הבאה: איזה אמצעי עשוי לתרום להפחתת מינון בצילום דנטלי?,קולטנים דיגיטליים יעילים
259,רדיולוגיה,rad_digital,verified_authoritative,True,"ADA/AAOMR, Dental Radiography Patient Selection and Radiation Safety, 2026",https://www.ada.org/resources/ada-library/oral-health-topics/x-rays-radiographs,"במקרה קליני מתאים, איזה אמצעי עשוי לתרום להפחתת מינון בצילום דנטלי?",קולטנים דיגיטליים יעילים
260,רדיולוגיה,rad_digital,verified_authoritative,True,"ADA/AAOMR, Dental Radiography Patient Selection and Radiation Safety, 2026",https://www.ada.org/resources/ada-library/oral-health-topics/x-rays-radiographs,בחר את התשובה הנכונה ביותר: איזה אמצעי עשוי לתרום להפחתת מינון בצילום דנטלי?,קולטנים דיגיטליים יעילים
261,פריודונטיה,perio_stage_grade,verified_authoritative,True,"American Academy of Periodontology, 2017 Classification / Staging and Grading",https://www.perio.org/research-science/2017-classification-of-periodontal-and-peri-implant-diseases-and-conditions/,"במערכת הסיווג 2017, מה מתאר Stage של periodontitis?",חומרת המחלה ומורכבות ניהול המקרה
262,פריודונטיה,perio_stage_grade,verified_authoritative,True,"American Academy of Periodontology, 2017 Classification / Staging and Grading",https://www.perio.org/research-science/2017-classification-of-periodontal-and-peri-implant-diseases-and-conditions/,"בבחינת רישוי נשאלת השאלה הבאה: במערכת הסיווג 2017, מה מתאר Stage של periodontitis?",חומרת המחלה ומורכבות ניהול המקרה
263,פריודונטיה,perio_stage_grade,verified_authoritative,True,"American Academy of Periodontology, 2017 Classification / Staging and Grading",https://www.perio.org/research-science/2017-classification-of-periodontal-and-peri-implant-diseases-and-conditions/,"במקרה קליני מתאים, במערכת הסיווג 2017, מה מתאר Stage של periodontitis?",חומרת המחלה ומורכבות ניהול המקרה
264,פריודונטיה,perio_stage_grade,verified_authoritative,True,"American Academy of Periodontology, 2017 Classification / Staging and Grading",https://www.perio.org/research-science/2017-classification-of-periodontal-and-peri-implant-diseases-and-conditions/,"בחר את התשובה הנכונה ביותר: במערכת הסיווג 2017, מה מתאר Stage של periodontitis?",חומרת המחלה ומורכבות ניהול המקרה
265,פריודונטיה,perio_grade,verified_authoritative,True,"American Academy of Periodontology, 2017 Classification / Staging and Grading",https://www.perio.org/research-science/2017-classification-of-periodontal-and-peri-implant-diseases-and-conditions/,מה מתאר Grade של periodontitis?,פוטנציאל/קצב התקדמות ומודיפיירים כגון עישון וסוכרת
266,פריודונטיה,perio_grade,verified_authoritative,True,"American Academy of Periodontology, 2017 Classification / Staging and Grading",https://www.perio.org/research-science/2017-classification-of-periodontal-and-peri-implant-diseases-and-conditions/,בבחינת רישוי נשאלת השאלה הבאה: מה מתאר Grade של periodontitis?,פוטנציאל/קצב התקדמות ומודיפיירים כגון עישון וסוכרת
267,פריודונטיה,perio_grade,verified_authoritative,True,"American Academy of Periodontology, 2017 Classification / Staging and Grading",https://www.perio.org/research-science/2017-classification-of-periodontal-and-peri-implant-diseases-and-conditions/,"במקרה קליני מתאים, מה מתאר Grade של periodontitis?",פוטנציאל/קצב התקדמות ומודיפיירים כגון עישון וסוכרת
268,פריודונטיה,perio_grade,verified_authoritative,True,"American Academy of Periodontology, 2017 Classification / Staging and Grading",https://www.perio.org/research-science/2017-classification-of-periodontal-and-peri-implant-diseases-and-conditions/,בחר את התשובה הנכונה ביותר: מה מתאר Grade של periodontitis?,פוטנציאל/קצב התקדמות ומודיפיירים כגון עישון וסוכרת
269,פריודונטיה,perio_categories,verified_authoritative,True,"American Dental Association, Periodontitis; 2017 AAP/EFP classification",https://www.ada.org/resources/ada-library/oral-health-topics/periodontitis,איזה מונח אינו קטגוריה נפרדת במערכת 2017?,Chronic periodontitis כקטגוריה נפרדת
270,פריודונטיה,perio_categories,verified_authoritative,True,"American Dental Association, Periodontitis; 2017 AAP/EFP classification",https://www.ada.org/resources/ada-library/oral-health-topics/periodontitis,בבחינת רישוי נשאלת השאלה הבאה: איזה מונח אינו קטגוריה נפרדת במערכת 2017?,Chronic periodontitis כקטגוריה נפרדת
271,פריודונטיה,perio_categories,verified_authoritative,True,"American Dental Association, Periodontitis; 2017 AAP/EFP classification",https://www.ada.org/resources/ada-library/oral-health-topics/periodontitis,"במקרה קליני מתאים, איזה מונח אינו קטגוריה נפרדת במערכת 2017?",Chronic periodontitis כקטגוריה נפרדת
272,פריודונטיה,perio_categories,verified_authoritative,True,"American Dental Association, Periodontitis; 2017 AAP/EFP classification",https://www.ada.org/resources/ada-library/oral-health-topics/periodontitis,בחר את התשובה הנכונה ביותר: איזה מונח אינו קטגוריה נפרדת במערכת 2017?,Chronic periodontitis כקטגוריה נפרדת
273,פריודונטיה,perio_nonsurgical,verified_authoritative,True,"American Dental Association, Periodontitis; 2017 AAP/EFP classification",https://www.ada.org/resources/ada-library/oral-health-topics/periodontitis,מהו טיפול בסיסי מרכזי ב-periodontitis?,Scaling and root planing בשילוב בקרת פלאק
274,פריודונטיה,perio_nonsurgical,verified_authoritative,True,"American Dental Association, Periodontitis; 2017 AAP/EFP classification",https://www.ada.org/resources/ada-library/oral-health-topics/periodontitis,בבחינת רישוי נשאלת השאלה הבאה: מהו טיפול בסיסי מרכזי ב-periodontitis?,Scaling and root planing בשילוב בקרת פלאק
275,פריודונטיה,perio_nonsurgical,verified_authoritative,True,"American Dental Association, Periodontitis; 2017 AAP/EFP classification",https://www.ada.org/resources/ada-library/oral-health-topics/periodontitis,"במקרה קליני מתאים, מהו טיפול בסיסי מרכזי ב-periodontitis?",Scaling and root planing בשילוב בקרת פלאק
276,פריודונטיה,perio_nonsurgical,verified_authoritative,True,"American Dental Association, Periodontitis; 2017 AAP/EFP classification",https://www.ada.org/resources/ada-library/oral-health-topics/periodontitis,בחר את התשובה הנכונה ביותר: מהו טיפול בסיסי מרכזי ב-periodontitis?,Scaling and root planing בשילוב בקרת פלאק
277,פריודונטיה,perio_maintenance,verified_authoritative,True,"American Dental Association, Periodontitis; 2017 AAP/EFP classification",https://www.ada.org/resources/ada-library/oral-health-topics/periodontitis,"לאחר טיפול מוצלח ב-periodontitis, מה נכון?",נדרש supportive periodontal care לאורך זמן
278,פריודונטיה,perio_maintenance,verified_authoritative,True,"American Dental Association, Periodontitis; 2017 AAP/EFP classification",https://www.ada.org/resources/ada-library/oral-health-topics/periodontitis,"בבחינת רישוי נשאלת השאלה הבאה: לאחר טיפול מוצלח ב-periodontitis, מה נכון?",נדרש supportive periodontal care לאורך זמן
279,פריודונטיה,perio_maintenance,verified_authoritative,True,"American Dental Association, Periodontitis; 2017 AAP/EFP classification",https://www.ada.org/resources/ada-library/oral-health-topics/periodontitis,"במקרה קליני מתאים, לאחר טיפול מוצלח ב-periodontitis, מה נכון?",נדרש supportive periodontal care לאורך זמן
280,פריודונטיה,perio_maintenance,verified_authoritative,True,"American Dental Association, Periodontitis; 2017 AAP/EFP classification",https://www.ada.org/resources/ada-library/oral-health-topics/periodontitis,"בחר את התשובה הנכונה ביותר: לאחר טיפול מוצלח ב-periodontitis, מה נכון?",נדרש supportive periodontal care לאורך זמן
281,פריודונטיה,perio_necrotizing,verified_authoritative,True,"American Dental Association, Periodontitis; 2017 AAP/EFP classification",https://www.ada.org/resources/ada-library/oral-health-topics/periodontitis,איזה שילוב מתאים למחלה פריודונטלית נקרוטית?,"נמק פפילות, דימום וכאב"
282,פריודונטיה,perio_necrotizing,verified_authoritative,True,"American Dental Association, Periodontitis; 2017 AAP/EFP classification",https://www.ada.org/resources/ada-library/oral-health-topics/periodontitis,בבחינת רישוי נשאלת השאלה הבאה: איזה שילוב מתאים למחלה פריודונטלית נקרוטית?,"נמק פפילות, דימום וכאב"
283,פריודונטיה,perio_necrotizing,verified_authoritative,True,"American Dental Association, Periodontitis; 2017 AAP/EFP classification",https://www.ada.org/resources/ada-library/oral-health-topics/periodontitis,"במקרה קליני מתאים, איזה שילוב מתאים למחלה פריודונטלית נקרוטית?","נמק פפילות, דימום וכאב"
284,פריודונטיה,perio_necrotizing,verified_authoritative,True,"American Dental Association, Periodontitis; 2017 AAP/EFP classification",https://www.ada.org/resources/ada-library/oral-health-topics/periodontitis,בחר את התשובה הנכונה ביותר: איזה שילוב מתאים למחלה פריודונטלית נקרוטית?,"נמק פפילות, דימום וכאב"
285,פריודונטיה,perio_host,verified_authoritative,True,"American Dental Association, Periodontitis; 2017 AAP/EFP classification",https://www.ada.org/resources/ada-library/oral-health-topics/periodontitis,אובדן attachment ועצם ב-periodontitis נובע בעיקר מ:,תגובה חיסונית-דלקתית לביו-פילם דיסביוטי ותוצריו
286,פריודונטיה,perio_host,verified_authoritative,True,"American Dental Association, Periodontitis; 2017 AAP/EFP classification",https://www.ada.org/resources/ada-library/oral-health-topics/periodontitis,בבחינת רישוי נשאלת השאלה הבאה: אובדן attachment ועצם ב-periodontitis נובע בעיקר מ:,תגובה חיסונית-דלקתית לביו-פילם דיסביוטי ותוצריו
287,פריודונטיה,perio_host,verified_authoritative,True,"American Dental Association, Periodontitis; 2017 AAP/EFP classification",https://www.ada.org/resources/ada-library/oral-health-topics/periodontitis,"במקרה קליני מתאים, אובדן attachment ועצם ב-periodontitis נובע בעיקר מ:",תגובה חיסונית-דלקתית לביו-פילם דיסביוטי ותוצריו
288,פריודונטיה,perio_host,verified_authoritative,True,"American Dental Association, Periodontitis; 2017 AAP/EFP classification",https://www.ada.org/resources/ada-library/oral-health-topics/periodontitis,בחר את התשובה הנכונה ביותר: אובדן attachment ועצם ב-periodontitis נובע בעיקר מ:,תגובה חיסונית-דלקתית לביו-פילם דיסביוטי ותוצריו
289,פריודונטיה,perio_smoking_grade,verified_authoritative,True,"American Academy of Periodontology, 2017 Classification / Staging and Grading",https://www.perio.org/research-science/2017-classification-of-periodontal-and-peri-implant-diseases-and-conditions/,כיצד עישון משפיע על grading?,יכול לשמש modifier המעלה grade
290,פריודונטיה,perio_smoking_grade,verified_authoritative,True,"American Academy of Periodontology, 2017 Classification / Staging and Grading",https://www.perio.org/research-science/2017-classification-of-periodontal-and-peri-implant-diseases-and-conditions/,בבחינת רישוי נשאלת השאלה הבאה: כיצד עישון משפיע על grading?,יכול לשמש modifier המעלה grade
291,פריודונטיה,perio_smoking_grade,verified_authoritative,True,"American Academy of Periodontology, 2017 Classification / Staging and Grading",https://www.perio.org/research-science/2017-classification-of-periodontal-and-peri-implant-diseases-and-conditions/,"במקרה קליני מתאים, כיצד עישון משפיע על grading?",יכול לשמש modifier המעלה grade
292,פריודונטיה,perio_smoking_grade,verified_authoritative,True,"American Academy of Periodontology, 2017 Classification / Staging and Grading",https://www.perio.org/research-science/2017-classification-of-periodontal-and-peri-implant-diseases-and-conditions/,בחר את התשובה הנכונה ביותר: כיצד עישון משפיע על grading?,יכול לשמש modifier המעלה grade
293,פריודונטיה,perio_diabetes_grade,verified_authoritative,True,"American Academy of Periodontology, 2017 Classification / Staging and Grading",https://www.perio.org/research-science/2017-classification-of-periodontal-and-peri-implant-diseases-and-conditions/,כיצד glycemic control בסוכרת קשור לסיווג periodontitis?,משמש modifier ב-grading
294,פריודונטיה,perio_diabetes_grade,verified_authoritative,True,"American Academy of Periodontology, 2017 Classification / Staging and Grading",https://www.perio.org/research-science/2017-classification-of-periodontal-and-peri-implant-diseases-and-conditions/,בבחינת רישוי נשאלת השאלה הבאה: כיצד glycemic control בסוכרת קשור לסיווג periodontitis?,משמש modifier ב-grading
295,פריודונטיה,perio_diabetes_grade,verified_authoritative,True,"American Academy of Periodontology, 2017 Classification / Staging and Grading",https://www.perio.org/research-science/2017-classification-of-periodontal-and-peri-implant-diseases-and-conditions/,"במקרה קליני מתאים, כיצד glycemic control בסוכרת קשור לסיווג periodontitis?",משמש modifier ב-grading
296,פריודונטיה,perio_diabetes_grade,verified_authoritative,True,"American Academy of Periodontology, 2017 Classification / Staging and Grading",https://www.perio.org/research-science/2017-classification-of-periodontal-and-peri-implant-diseases-and-conditions/,בחר את התשובה הנכונה ביותר: כיצד glycemic control בסוכרת קשור לסיווג periodontitis?,משמש modifier ב-grading
297,פריודונטיה,perio_stage_basis,verified_authoritative,True,"American Academy of Periodontology, 2017 Classification / Staging and Grading",https://www.perio.org/research-science/2017-classification-of-periodontal-and-peri-implant-diseases-and-conditions/,מהו המדד המועדף לקביעת stage ראשוני כאשר זמין?,Clinical attachment loss
298,פריודונטיה,perio_stage_basis,verified_authoritative,True,"American Academy of Periodontology, 2017 Classification / Staging and Grading",https://www.perio.org/research-science/2017-classification-of-periodontal-and-peri-implant-diseases-and-conditions/,בבחינת רישוי נשאלת השאלה הבאה: מהו המדד המועדף לקביעת stage ראשוני כאשר זמין?,Clinical attachment loss
299,פריודונטיה,perio_stage_basis,verified_authoritative,True,"American Academy of Periodontology, 2017 Classification / Staging and Grading",https://www.perio.org/research-science/2017-classification-of-periodontal-and-peri-implant-diseases-and-conditions/,"במקרה קליני מתאים, מהו המדד המועדף לקביעת stage ראשוני כאשר זמין?",Clinical attachment loss
300,פריודונטיה,perio_stage_basis,verified_authoritative,True,"American Academy of Periodontology, 2017 Classification / Staging and Grading",https://www.perio.org/research-science/2017-classification-of-periodontal-and-peri-implant-diseases-and-conditions/,בחר את התשובה הנכונה ביותר: מהו המדד המועדף לקביעת stage ראשוני כאשר זמין?,Clinical attachment loss
301,רפואת שיניים לילדים,fluoride_water,verified_authoritative,True,"AAPD, Fluoride Therapy, latest revision 2023",https://www.aapd.org/research/oral-health-policies--recommendations/fluoride-therapy/,מהי רמת הפלואוריד האופטימלית המקובלת במים קהילתיים לפי AAPD?,0.7 ppm
302,רפואת שיניים לילדים,fluoride_water,verified_authoritative,True,"AAPD, Fluoride Therapy, latest revision 2023",https://www.aapd.org/research/oral-health-policies--recommendations/fluoride-therapy/,בבחינת רישוי נשאלת השאלה הבאה: מהי רמת הפלואוריד האופטימלית המקובלת במים קהילתיים לפי AAPD?,0.7 ppm
303,רפואת שיניים לילדים,fluoride_water,verified_authoritative,True,"AAPD, Fluoride Therapy, latest revision 2023",https://www.aapd.org/research/oral-health-policies--recommendations/fluoride-therapy/,"במקרה קליני מתאים, מהי רמת הפלואוריד האופטימלית המקובלת במים קהילתיים לפי AAPD?",0.7 ppm
304,רפואת שיניים לילדים,fluoride_water,verified_authoritative,True,"AAPD, Fluoride Therapy, latest revision 2023",https://www.aapd.org/research/oral-health-policies--recommendations/fluoride-therapy/,בחר את התשובה הנכונה ביותר: מהי רמת הפלואוריד האופטימלית המקובלת במים קהילתיים לפי AAPD?,0.7 ppm
305,רפואת שיניים לילדים,fluoride_brush,verified_authoritative,True,"AAPD, Fluoride Therapy, latest revision 2023",https://www.aapd.org/research/oral-health-policies--recommendations/fluoride-therapy/,מהי המלצה בסיסית לילדים לגבי משחת שיניים עם פלואוריד?,פעמיים ביום בכמות מותאמת גיל
306,רפואת שיניים לילדים,fluoride_brush,verified_authoritative,True,"AAPD, Fluoride Therapy, latest revision 2023",https://www.aapd.org/research/oral-health-policies--recommendations/fluoride-therapy/,בבחינת רישוי נשאלת השאלה הבאה: מהי המלצה בסיסית לילדים לגבי משחת שיניים עם פלואוריד?,פעמיים ביום בכמות מותאמת גיל
307,רפואת שיניים לילדים,fluoride_brush,verified_authoritative,True,"AAPD, Fluoride Therapy, latest revision 2023",https://www.aapd.org/research/oral-health-policies--recommendations/fluoride-therapy/,"במקרה קליני מתאים, מהי המלצה בסיסית לילדים לגבי משחת שיניים עם פלואוריד?",פעמיים ביום בכמות מותאמת גיל
308,רפואת שיניים לילדים,fluoride_brush,verified_authoritative,True,"AAPD, Fluoride Therapy, latest revision 2023",https://www.aapd.org/research/oral-health-policies--recommendations/fluoride-therapy/,בחר את התשובה הנכונה ביותר: מהי המלצה בסיסית לילדים לגבי משחת שיניים עם פלואוריד?,פעמיים ביום בכמות מותאמת גיל
309,רפואת שיניים לילדים,fluoride_prof,verified_authoritative,True,"AAPD, Fluoride Therapy, latest revision 2023",https://www.aapd.org/research/oral-health-policies--recommendations/fluoride-therapy/,למי יש לשקול טיפול פלואוריד מקצועי?,למטופלים בסיכון לעששת בהתאם להערכת סיכון
310,רפואת שיניים לילדים,fluoride_prof,verified_authoritative,True,"AAPD, Fluoride Therapy, latest revision 2023",https://www.aapd.org/research/oral-health-policies--recommendations/fluoride-therapy/,בבחינת רישוי נשאלת השאלה הבאה: למי יש לשקול טיפול פלואוריד מקצועי?,למטופלים בסיכון לעששת בהתאם להערכת סיכון
311,רפואת שיניים לילדים,fluoride_prof,verified_authoritative,True,"AAPD, Fluoride Therapy, latest revision 2023",https://www.aapd.org/research/oral-health-policies--recommendations/fluoride-therapy/,"במקרה קליני מתאים, למי יש לשקול טיפול פלואוריד מקצועי?",למטופלים בסיכון לעששת בהתאם להערכת סיכון
312,רפואת שיניים לילדים,fluoride_prof,verified_authoritative,True,"AAPD, Fluoride Therapy, latest revision 2023",https://www.aapd.org/research/oral-health-policies--recommendations/fluoride-therapy/,בחר את התשובה הנכונה ביותר: למי יש לשקול טיפול פלואוריד מקצועי?,למטופלים בסיכון לעששת בהתאם להערכת סיכון
313,רפואת שיניים לילדים,fluorosis,verified_authoritative,True,"AAPD, Fluoride Therapy, latest revision 2023",https://www.aapd.org/research/oral-health-policies--recommendations/fluoride-therapy/,מהו הסיכון העיקרי מצריכת פלואוריד עודפת בזמן התפתחות השיניים?,Dental fluorosis
314,רפואת שיניים לילדים,fluorosis,verified_authoritative,True,"AAPD, Fluoride Therapy, latest revision 2023",https://www.aapd.org/research/oral-health-policies--recommendations/fluoride-therapy/,בבחינת רישוי נשאלת השאלה הבאה: מהו הסיכון העיקרי מצריכת פלואוריד עודפת בזמן התפתחות השיניים?,Dental fluorosis
315,רפואת שיניים לילדים,fluorosis,verified_authoritative,True,"AAPD, Fluoride Therapy, latest revision 2023",https://www.aapd.org/research/oral-health-policies--recommendations/fluoride-therapy/,"במקרה קליני מתאים, מהו הסיכון העיקרי מצריכת פלואוריד עודפת בזמן התפתחות השיניים?",Dental fluorosis
316,רפואת שיניים לילדים,fluorosis,verified_authoritative,True,"AAPD, Fluoride Therapy, latest revision 2023",https://www.aapd.org/research/oral-health-policies--recommendations/fluoride-therapy/,בחר את התשובה הנכונה ביותר: מהו הסיכון העיקרי מצריכת פלואוריד עודפת בזמן התפתחות השיניים?,Dental fluorosis
317,רפואת שיניים לילדים,pulp_restorability,verified_authoritative,True,"AAPD, Pulp Therapy for Primary and Immature Permanent Teeth",https://www.aapd.org/globalassets/assets/1/7/g-pulp.pdf,"לפני טיפול מוך בשן נשירה, איזה גורם חייב להישקל?",Restorability של השן
318,רפואת שיניים לילדים,pulp_restorability,verified_authoritative,True,"AAPD, Pulp Therapy for Primary and Immature Permanent Teeth",https://www.aapd.org/globalassets/assets/1/7/g-pulp.pdf,"בבחינת רישוי נשאלת השאלה הבאה: לפני טיפול מוך בשן נשירה, איזה גורם חייב להישקל?",Restorability של השן
319,רפואת שיניים לילדים,pulp_restorability,verified_authoritative,True,"AAPD, Pulp Therapy for Primary and Immature Permanent Teeth",https://www.aapd.org/globalassets/assets/1/7/g-pulp.pdf,"במקרה קליני מתאים, לפני טיפול מוך בשן נשירה, איזה גורם חייב להישקל?",Restorability של השן
320,רפואת שיניים לילדים,pulp_restorability,verified_authoritative,True,"AAPD, Pulp Therapy for Primary and Immature Permanent Teeth",https://www.aapd.org/globalassets/assets/1/7/g-pulp.pdf,"בחר את התשובה הנכונה ביותר: לפני טיפול מוך בשן נשירה, איזה גורם חייב להישקל?",Restorability של השן
321,רפואת שיניים לילדים,pulp_extraction,verified_authoritative,True,"AAPD, Pulp Therapy for Primary and Immature Permanent Teeth",https://www.aapd.org/globalassets/assets/1/7/g-pulp.pdf,מתי יש לשקול עקירת שן נשירה במקום טיפול מוך?,כאשר אין די מבנה לשיקום או קיימת ספיגת שורש פתולוגית משמעותית
322,רפואת שיניים לילדים,pulp_extraction,verified_authoritative,True,"AAPD, Pulp Therapy for Primary and Immature Permanent Teeth",https://www.aapd.org/globalassets/assets/1/7/g-pulp.pdf,בבחינת רישוי נשאלת השאלה הבאה: מתי יש לשקול עקירת שן נשירה במקום טיפול מוך?,כאשר אין די מבנה לשיקום או קיימת ספיגת שורש פתולוגית משמעותית
323,רפואת שיניים לילדים,pulp_extraction,verified_authoritative,True,"AAPD, Pulp Therapy for Primary and Immature Permanent Teeth",https://www.aapd.org/globalassets/assets/1/7/g-pulp.pdf,"במקרה קליני מתאים, מתי יש לשקול עקירת שן נשירה במקום טיפול מוך?",כאשר אין די מבנה לשיקום או קיימת ספיגת שורש פתולוגית משמעותית
324,רפואת שיניים לילדים,pulp_extraction,verified_authoritative,True,"AAPD, Pulp Therapy for Primary and Immature Permanent Teeth",https://www.aapd.org/globalassets/assets/1/7/g-pulp.pdf,בחר את התשובה הנכונה ביותר: מתי יש לשקול עקירת שן נשירה במקום טיפול מוך?,כאשר אין די מבנה לשיקום או קיימת ספיגת שורש פתולוגית משמעותית
325,רפואת שיניים לילדים,pulp_isolation,verified_authoritative,True,"AAPD, Pulp Therapy for Primary and Immature Permanent Teeth",https://www.aapd.org/globalassets/assets/1/7/g-pulp.pdf,מה מומלץ לגבי בידוד במהלך pulp therapy בילדים?,Rubber dam או בידוד יעיל מקביל
326,רפואת שיניים לילדים,pulp_isolation,verified_authoritative,True,"AAPD, Pulp Therapy for Primary and Immature Permanent Teeth",https://www.aapd.org/globalassets/assets/1/7/g-pulp.pdf,בבחינת רישוי נשאלת השאלה הבאה: מה מומלץ לגבי בידוד במהלך pulp therapy בילדים?,Rubber dam או בידוד יעיל מקביל
327,רפואת שיניים לילדים,pulp_isolation,verified_authoritative,True,"AAPD, Pulp Therapy for Primary and Immature Permanent Teeth",https://www.aapd.org/globalassets/assets/1/7/g-pulp.pdf,"במקרה קליני מתאים, מה מומלץ לגבי בידוד במהלך pulp therapy בילדים?",Rubber dam או בידוד יעיל מקביל
328,רפואת שיניים לילדים,pulp_isolation,verified_authoritative,True,"AAPD, Pulp Therapy for Primary and Immature Permanent Teeth",https://www.aapd.org/globalassets/assets/1/7/g-pulp.pdf,בחר את התשובה הנכונה ביותר: מה מומלץ לגבי בידוד במהלך pulp therapy בילדים?,Rubber dam או בידוד יעיל מקביל
329,רפואת שיניים לילדים,pulp_followup,verified_authoritative,True,"AAPD, Pulp Therapy for Primary and Immature Permanent Teeth",https://www.aapd.org/globalassets/assets/1/7/g-pulp.pdf,מה נדרש לאחר pulp therapy בשן נשירה?,מעקב קליני ורדיוגרפי תקופתי
330,רפואת שיניים לילדים,pulp_followup,verified_authoritative,True,"AAPD, Pulp Therapy for Primary and Immature Permanent Teeth",https://www.aapd.org/globalassets/assets/1/7/g-pulp.pdf,בבחינת רישוי נשאלת השאלה הבאה: מה נדרש לאחר pulp therapy בשן נשירה?,מעקב קליני ורדיוגרפי תקופתי
331,רפואת שיניים לילדים,pulp_followup,verified_authoritative,True,"AAPD, Pulp Therapy for Primary and Immature Permanent Teeth",https://www.aapd.org/globalassets/assets/1/7/g-pulp.pdf,"במקרה קליני מתאים, מה נדרש לאחר pulp therapy בשן נשירה?",מעקב קליני ורדיוגרפי תקופתי
332,רפואת שיניים לילדים,pulp_followup,verified_authoritative,True,"AAPD, Pulp Therapy for Primary and Immature Permanent Teeth",https://www.aapd.org/globalassets/assets/1/7/g-pulp.pdf,בחר את התשובה הנכונה ביותר: מה נדרש לאחר pulp therapy בשן נשירה?,מעקב קליני ורדיוגרפי תקופתי
333,רפואת שיניים לילדים,behavior_plan,verified_authoritative,True,"AAPD, Behavior Guidance for the Pediatric Dental Patient, revision 2024",https://www.aapd.org/globalassets/media/policies_guidelines/bp_behavguide25.pdf,מה צריך להיכלל בתכנון behavior guidance?,"היסטוריה רפואית, מזג, צרכי טיפול, כאב והסכמה מדעת"
334,רפואת שיניים לילדים,behavior_plan,verified_authoritative,True,"AAPD, Behavior Guidance for the Pediatric Dental Patient, revision 2024",https://www.aapd.org/globalassets/media/policies_guidelines/bp_behavguide25.pdf,בבחינת רישוי נשאלת השאלה הבאה: מה צריך להיכלל בתכנון behavior guidance?,"היסטוריה רפואית, מזג, צרכי טיפול, כאב והסכמה מדעת"
335,רפואת שיניים לילדים,behavior_plan,verified_authoritative,True,"AAPD, Behavior Guidance for the Pediatric Dental Patient, revision 2024",https://www.aapd.org/globalassets/media/policies_guidelines/bp_behavguide25.pdf,"במקרה קליני מתאים, מה צריך להיכלל בתכנון behavior guidance?","היסטוריה רפואית, מזג, צרכי טיפול, כאב והסכמה מדעת"
336,רפואת שיניים לילדים,behavior_plan,verified_authoritative,True,"AAPD, Behavior Guidance for the Pediatric Dental Patient, revision 2024",https://www.aapd.org/globalassets/media/policies_guidelines/bp_behavguide25.pdf,בחר את התשובה הנכונה ביותר: מה צריך להיכלל בתכנון behavior guidance?,"היסטוריה רפואית, מזג, צרכי טיפול, כאב והסכמה מדעת"
337,רפואת שיניים לילדים,behavior_consent,verified_authoritative,True,"AAPD, Behavior Guidance for the Pediatric Dental Patient, revision 2024",https://www.aapd.org/globalassets/media/policies_guidelines/bp_behavguide25.pdf,"לפני שימוש בטכניקת behavior guidance מתקדמת, מה חשוב?","הסכמה מדעת עם סיכונים, תועלות וחלופות"
338,רפואת שיניים לילדים,behavior_consent,verified_authoritative,True,"AAPD, Behavior Guidance for the Pediatric Dental Patient, revision 2024",https://www.aapd.org/globalassets/media/policies_guidelines/bp_behavguide25.pdf,"בבחינת רישוי נשאלת השאלה הבאה: לפני שימוש בטכניקת behavior guidance מתקדמת, מה חשוב?","הסכמה מדעת עם סיכונים, תועלות וחלופות"
339,רפואת שיניים לילדים,behavior_consent,verified_authoritative,True,"AAPD, Behavior Guidance for the Pediatric Dental Patient, revision 2024",https://www.aapd.org/globalassets/media/policies_guidelines/bp_behavguide25.pdf,"במקרה קליני מתאים, לפני שימוש בטכניקת behavior guidance מתקדמת, מה חשוב?","הסכמה מדעת עם סיכונים, תועלות וחלופות"
340,רפואת שיניים לילדים,behavior_consent,verified_authoritative,True,"AAPD, Behavior Guidance for the Pediatric Dental Patient, revision 2024",https://www.aapd.org/globalassets/media/policies_guidelines/bp_behavguide25.pdf,"בחר את התשובה הנכונה ביותר: לפני שימוש בטכניקת behavior guidance מתקדמת, מה חשוב?","הסכמה מדעת עם סיכונים, תועלות וחלופות"
341,בקרת זיהומים ואתיקה,ic_hand,verified_authoritative,True,"CDC, Summary of Infection Prevention Practices in Dental Settings",https://www.cdc.gov/dental-infection-control/media/pdfs/2024/07/safe-care2.pdf,מהו האמצעי החשוב ביותר למניעת העברת זיהומים במרפאת שיניים?,Hand hygiene
342,בקרת זיהומים ואתיקה,ic_hand,verified_authoritative,True,"CDC, Summary of Infection Prevention Practices in Dental Settings",https://www.cdc.gov/dental-infection-control/media/pdfs/2024/07/safe-care2.pdf,בבחינת רישוי נשאלת השאלה הבאה: מהו האמצעי החשוב ביותר למניעת העברת זיהומים במרפאת שיניים?,Hand hygiene
343,בקרת זיהומים ואתיקה,ic_hand,verified_authoritative,True,"CDC, Summary of Infection Prevention Practices in Dental Settings",https://www.cdc.gov/dental-infection-control/media/pdfs/2024/07/safe-care2.pdf,"במקרה קליני מתאים, מהו האמצעי החשוב ביותר למניעת העברת זיהומים במרפאת שיניים?",Hand hygiene
344,בקרת זיהומים ואתיקה,ic_hand,verified_authoritative,True,"CDC, Summary of Infection Prevention Practices in Dental Settings",https://www.cdc.gov/dental-infection-control/media/pdfs/2024/07/safe-care2.pdf,בחר את התשובה הנכונה ביותר: מהו האמצעי החשוב ביותר למניעת העברת זיהומים במרפאת שיניים?,Hand hygiene
345,בקרת זיהומים ואתיקה,ic_soiled,verified_authoritative,True,"CDC, Summary of Infection Prevention Practices in Dental Settings",https://www.cdc.gov/dental-infection-control/media/pdfs/2024/07/safe-care2.pdf,"כאשר הידיים מלוכלכות לעין בדם או נוזלי גוף, מה מומלץ?",Soap and water
346,בקרת זיהומים ואתיקה,ic_soiled,verified_authoritative,True,"CDC, Summary of Infection Prevention Practices in Dental Settings",https://www.cdc.gov/dental-infection-control/media/pdfs/2024/07/safe-care2.pdf,"בבחינת רישוי נשאלת השאלה הבאה: כאשר הידיים מלוכלכות לעין בדם או נוזלי גוף, מה מומלץ?",Soap and water
347,בקרת זיהומים ואתיקה,ic_soiled,verified_authoritative,True,"CDC, Summary of Infection Prevention Practices in Dental Settings",https://www.cdc.gov/dental-infection-control/media/pdfs/2024/07/safe-care2.pdf,"במקרה קליני מתאים, כאשר הידיים מלוכלכות לעין בדם או נוזלי גוף, מה מומלץ?",Soap and water
348,בקרת זיהומים ואתיקה,ic_soiled,verified_authoritative,True,"CDC, Summary of Infection Prevention Practices in Dental Settings",https://www.cdc.gov/dental-infection-control/media/pdfs/2024/07/safe-care2.pdf,"בחר את התשובה הנכונה ביותר: כאשר הידיים מלוכלכות לעין בדם או נוזלי גוף, מה מומלץ?",Soap and water
349,בקרת זיהומים ואתיקה,ic_before_after,verified_authoritative,True,"CDC, Summary of Infection Prevention Practices in Dental Settings",https://www.cdc.gov/dental-infection-control/media/pdfs/2024/07/safe-care2.pdf,מתי יש לבצע hand hygiene ביחס לטיפול במטופל?,לפני ואחרי כל מטופל
350,בקרת זיהומים ואתיקה,ic_before_after,verified_authoritative,True,"CDC, Summary of Infection Prevention Practices in Dental Settings",https://www.cdc.gov/dental-infection-control/media/pdfs/2024/07/safe-care2.pdf,בבחינת רישוי נשאלת השאלה הבאה: מתי יש לבצע hand hygiene ביחס לטיפול במטופל?,לפני ואחרי כל מטופל
351,בקרת זיהומים ואתיקה,ic_before_after,verified_authoritative,True,"CDC, Summary of Infection Prevention Practices in Dental Settings",https://www.cdc.gov/dental-infection-control/media/pdfs/2024/07/safe-care2.pdf,"במקרה קליני מתאים, מתי יש לבצע hand hygiene ביחס לטיפול במטופל?",לפני ואחרי כל מטופל
352,בקרת זיהומים ואתיקה,ic_before_after,verified_authoritative,True,"CDC, Summary of Infection Prevention Practices in Dental Settings",https://www.cdc.gov/dental-infection-control/media/pdfs/2024/07/safe-care2.pdf,בחר את התשובה הנכונה ביותר: מתי יש לבצע hand hygiene ביחס לטיפול במטופל?,לפני ואחרי כל מטופל
353,בקרת זיהומים ואתיקה,ic_gloves,verified_authoritative,True,"CDC, Summary of Infection Prevention Practices in Dental Settings",https://www.cdc.gov/dental-infection-control/media/pdfs/2024/07/safe-care2.pdf,מה נכון לגבי hand hygiene וכפפות?,יש לבצע לפני לבישת כפפות ומיד לאחר הסרתן
354,בקרת זיהומים ואתיקה,ic_gloves,verified_authoritative,True,"CDC, Summary of Infection Prevention Practices in Dental Settings",https://www.cdc.gov/dental-infection-control/media/pdfs/2024/07/safe-care2.pdf,בבחינת רישוי נשאלת השאלה הבאה: מה נכון לגבי hand hygiene וכפפות?,יש לבצע לפני לבישת כפפות ומיד לאחר הסרתן
355,בקרת זיהומים ואתיקה,ic_gloves,verified_authoritative,True,"CDC, Summary of Infection Prevention Practices in Dental Settings",https://www.cdc.gov/dental-infection-control/media/pdfs/2024/07/safe-care2.pdf,"במקרה קליני מתאים, מה נכון לגבי hand hygiene וכפפות?",יש לבצע לפני לבישת כפפות ומיד לאחר הסרתן
356,בקרת זיהומים ואתיקה,ic_gloves,verified_authoritative,True,"CDC, Summary of Infection Prevention Practices in Dental Settings",https://www.cdc.gov/dental-infection-control/media/pdfs/2024/07/safe-care2.pdf,בחר את התשובה הנכונה ביותר: מה נכון לגבי hand hygiene וכפפות?,יש לבצע לפני לבישת כפפות ומיד לאחר הסרתן
357,בקרת זיהומים ואתיקה,ic_surgical,verified_authoritative,True,"CDC, Summary of Infection Prevention Practices in Dental Settings",https://www.cdc.gov/dental-infection-control/media/pdfs/2024/07/safe-care2.pdf,"לפני פרוצדורה כירורגית דנטלית, מה נדרש?",Surgical hand antisepsis ולבישת כפפות כירורגיות סטריליות
358,בקרת זיהומים ואתיקה,ic_surgical,verified_authoritative,True,"CDC, Summary of Infection Prevention Practices in Dental Settings",https://www.cdc.gov/dental-infection-control/media/pdfs/2024/07/safe-care2.pdf,"בבחינת רישוי נשאלת השאלה הבאה: לפני פרוצדורה כירורגית דנטלית, מה נדרש?",Surgical hand antisepsis ולבישת כפפות כירורגיות סטריליות
359,בקרת זיהומים ואתיקה,ic_surgical,verified_authoritative,True,"CDC, Summary of Infection Prevention Practices in Dental Settings",https://www.cdc.gov/dental-infection-control/media/pdfs/2024/07/safe-care2.pdf,"במקרה קליני מתאים, לפני פרוצדורה כירורגית דנטלית, מה נדרש?",Surgical hand antisepsis ולבישת כפפות כירורגיות סטריליות
360,בקרת זיהומים ואתיקה,ic_surgical,verified_authoritative,True,"CDC, Summary of Infection Prevention Practices in Dental Settings",https://www.cdc.gov/dental-infection-control/media/pdfs/2024/07/safe-care2.pdf,"בחר את התשובה הנכונה ביותר: לפני פרוצדורה כירורגית דנטלית, מה נדרש?",Surgical hand antisepsis ולבישת כפפות כירורגיות סטריליות
361,בקרת זיהומים ואתיקה,ic_reschedule,verified_authoritative,True,"CDC, Summary of Infection Prevention Practices in Dental Settings",https://www.cdc.gov/dental-infection-control/media/pdfs/2024/07/safe-care2.pdf,מטופל עם מחלה זיהומית פעילה מגיע לטיפול לא דחוף. מה הגישה?,לשקול דחיית טיפול לא דחוף עד שאינו מדבק
362,בקרת זיהומים ואתיקה,ic_reschedule,verified_authoritative,True,"CDC, Summary of Infection Prevention Practices in Dental Settings",https://www.cdc.gov/dental-infection-control/media/pdfs/2024/07/safe-care2.pdf,בבחינת רישוי נשאלת השאלה הבאה: מטופל עם מחלה זיהומית פעילה מגיע לטיפול לא דחוף. מה הגישה?,לשקול דחיית טיפול לא דחוף עד שאינו מדבק
363,בקרת זיהומים ואתיקה,ic_reschedule,verified_authoritative,True,"CDC, Summary of Infection Prevention Practices in Dental Settings",https://www.cdc.gov/dental-infection-control/media/pdfs/2024/07/safe-care2.pdf,"במקרה קליני מתאים, מטופל עם מחלה זיהומית פעילה מגיע לטיפול לא דחוף. מה הגישה?",לשקול דחיית טיפול לא דחוף עד שאינו מדבק
364,בקרת זיהומים ואתיקה,ic_reschedule,verified_authoritative,True,"CDC, Summary of Infection Prevention Practices in Dental Settings",https://www.cdc.gov/dental-infection-control/media/pdfs/2024/07/safe-care2.pdf,בחר את התשובה הנכונה ביותר: מטופל עם מחלה זיהומית פעילה מגיע לטיפול לא דחוף. מה הגישה?,לשקול דחיית טיפול לא דחוף עד שאינו מדבק
365,בקרת זיהומים ואתיקה,ic_ppe,verified_authoritative,True,"CDC, Summary of Infection Prevention Practices in Dental Settings",https://www.cdc.gov/dental-infection-control/media/pdfs/2024/07/safe-care2.pdf,מה מטרת PPE במרפאת שיניים?,"להגן על עור, עיניים, אף, פה וביגוד מחשיפה לחומרים זיהומיים"
366,בקרת זיהומים ואתיקה,ic_ppe,verified_authoritative,True,"CDC, Summary of Infection Prevention Practices in Dental Settings",https://www.cdc.gov/dental-infection-control/media/pdfs/2024/07/safe-care2.pdf,בבחינת רישוי נשאלת השאלה הבאה: מה מטרת PPE במרפאת שיניים?,"להגן על עור, עיניים, אף, פה וביגוד מחשיפה לחומרים זיהומיים"
367,בקרת זיהומים ואתיקה,ic_ppe,verified_authoritative,True,"CDC, Summary of Infection Prevention Practices in Dental Settings",https://www.cdc.gov/dental-infection-control/media/pdfs/2024/07/safe-care2.pdf,"במקרה קליני מתאים, מה מטרת PPE במרפאת שיניים?","להגן על עור, עיניים, אף, פה וביגוד מחשיפה לחומרים זיהומיים"
368,בקרת זיהומים ואתיקה,ic_ppe,verified_authoritative,True,"CDC, Summary of Infection Prevention Practices in Dental Settings",https://www.cdc.gov/dental-infection-control/media/pdfs/2024/07/safe-care2.pdf,בחר את התשובה הנכונה ביותר: מה מטרת PPE במרפאת שיניים?,"להגן על עור, עיניים, אף, פה וביגוד מחשיפה לחומרים זיהומיים"
369,בקרת זיהומים ואתיקה,ic_standard,verified_authoritative,True,"CDC, Summary of Infection Prevention Practices in Dental Settings",https://www.cdc.gov/dental-infection-control/media/pdfs/2024/07/safe-care2.pdf,על מי חלות Standard Precautions?,על כל המטופלים
370,בקרת זיהומים ואתיקה,ic_standard,verified_authoritative,True,"CDC, Summary of Infection Prevention Practices in Dental Settings",https://www.cdc.gov/dental-infection-control/media/pdfs/2024/07/safe-care2.pdf,בבחינת רישוי נשאלת השאלה הבאה: על מי חלות Standard Precautions?,על כל המטופלים
371,בקרת זיהומים ואתיקה,ic_standard,verified_authoritative,True,"CDC, Summary of Infection Prevention Practices in Dental Settings",https://www.cdc.gov/dental-infection-control/media/pdfs/2024/07/safe-care2.pdf,"במקרה קליני מתאים, על מי חלות Standard Precautions?",על כל המטופלים
372,בקרת זיהומים ואתיקה,ic_standard,verified_authoritative,True,"CDC, Summary of Infection Prevention Practices in Dental Settings",https://www.cdc.gov/dental-infection-control/media/pdfs/2024/07/safe-care2.pdf,בחר את התשובה הנכונה ביותר: על מי חלות Standard Precautions?,על כל המטופלים
373,בקרת זיהומים ואתיקה,ic_sharps,verified_authoritative,True,"CDC, Summary of Infection Prevention Practices in Dental Settings",https://www.cdc.gov/dental-infection-control/media/pdfs/2024/07/safe-care2.pdf,כיצד יש לנהל חפצים חדים מזוהמים?,להשליך למכל sharps עמיד לניקוב
374,בקרת זיהומים ואתיקה,ic_sharps,verified_authoritative,True,"CDC, Summary of Infection Prevention Practices in Dental Settings",https://www.cdc.gov/dental-infection-control/media/pdfs/2024/07/safe-care2.pdf,בבחינת רישוי נשאלת השאלה הבאה: כיצד יש לנהל חפצים חדים מזוהמים?,להשליך למכל sharps עמיד לניקוב
375,בקרת זיהומים ואתיקה,ic_sharps,verified_authoritative,True,"CDC, Summary of Infection Prevention Practices in Dental Settings",https://www.cdc.gov/dental-infection-control/media/pdfs/2024/07/safe-care2.pdf,"במקרה קליני מתאים, כיצד יש לנהל חפצים חדים מזוהמים?",להשליך למכל sharps עמיד לניקוב
376,בקרת זיהומים ואתיקה,ic_sharps,verified_authoritative,True,"CDC, Summary of Infection Prevention Practices in Dental Settings",https://www.cdc.gov/dental-infection-control/media/pdfs/2024/07/safe-care2.pdf,בחר את התשובה הנכונה ביותר: כיצד יש לנהל חפצים חדים מזוהמים?,להשליך למכל sharps עמיד לניקוב
377,בקרת זיהומים ואתיקה,ic_singleuse,verified_authoritative,True,"CDC, Summary of Infection Prevention Practices in Dental Settings",https://www.cdc.gov/dental-infection-control/media/pdfs/2024/07/safe-care2.pdf,מה נכון לגבי פריט רפואי המוגדר single-use?,מיועד לשימוש במטופל אחד ולהשלכה
378,בקרת זיהומים ואתיקה,ic_singleuse,verified_authoritative,True,"CDC, Summary of Infection Prevention Practices in Dental Settings",https://www.cdc.gov/dental-infection-control/media/pdfs/2024/07/safe-care2.pdf,בבחינת רישוי נשאלת השאלה הבאה: מה נכון לגבי פריט רפואי המוגדר single-use?,מיועד לשימוש במטופל אחד ולהשלכה
379,בקרת זיהומים ואתיקה,ic_singleuse,verified_authoritative,True,"CDC, Summary of Infection Prevention Practices in Dental Settings",https://www.cdc.gov/dental-infection-control/media/pdfs/2024/07/safe-care2.pdf,"במקרה קליני מתאים, מה נכון לגבי פריט רפואי המוגדר single-use?",מיועד לשימוש במטופל אחד ולהשלכה
380,בקרת זיהומים ואתיקה,ic_singleuse,verified_authoritative,True,"CDC, Summary of Infection Prevention Practices in Dental Settings",https://www.cdc.gov/dental-infection-control/media/pdfs/2024/07/safe-care2.pdf,בחר את התשובה הנכונה ביותר: מה נכון לגבי פריט רפואי המוגדר single-use?,מיועד לשימוש במטופל אחד ולהשלכה
381,פתולוגיה ורפואת הפה,dry_caries,verified_authoritative,True,"NIDCR, Dry Mouth",https://www.nidcr.nih.gov/health-info/dry-mouth,מהו סיבוך שכיח של xerostomia ממושכת?,עלייה בסיכון לעששת וזיהומים פטרייתיים
382,פתולוגיה ורפואת הפה,dry_caries,verified_authoritative,True,"NIDCR, Dry Mouth",https://www.nidcr.nih.gov/health-info/dry-mouth,בבחינת רישוי נשאלת השאלה הבאה: מהו סיבוך שכיח של xerostomia ממושכת?,עלייה בסיכון לעששת וזיהומים פטרייתיים
383,פתולוגיה ורפואת הפה,dry_caries,verified_authoritative,True,"NIDCR, Dry Mouth",https://www.nidcr.nih.gov/health-info/dry-mouth,"במקרה קליני מתאים, מהו סיבוך שכיח של xerostomia ממושכת?",עלייה בסיכון לעששת וזיהומים פטרייתיים
384,פתולוגיה ורפואת הפה,dry_caries,verified_authoritative,True,"NIDCR, Dry Mouth",https://www.nidcr.nih.gov/health-info/dry-mouth,בחר את התשובה הנכונה ביותר: מהו סיבוך שכיח של xerostomia ממושכת?,עלייה בסיכון לעששת וזיהומים פטרייתיים
385,פתולוגיה ורפואת הפה,dry_meds,verified_authoritative,True,"NIDCR, Dry Mouth",https://www.nidcr.nih.gov/health-info/dry-mouth,מהו גורם שכיח ל-xerostomia?,"תרופות רבות, כולל תרופות ללחץ דם ודיכאון"
386,פתולוגיה ורפואת הפה,dry_meds,verified_authoritative,True,"NIDCR, Dry Mouth",https://www.nidcr.nih.gov/health-info/dry-mouth,בבחינת רישוי נשאלת השאלה הבאה: מהו גורם שכיח ל-xerostomia?,"תרופות רבות, כולל תרופות ללחץ דם ודיכאון"
387,פתולוגיה ורפואת הפה,dry_meds,verified_authoritative,True,"NIDCR, Dry Mouth",https://www.nidcr.nih.gov/health-info/dry-mouth,"במקרה קליני מתאים, מהו גורם שכיח ל-xerostomia?","תרופות רבות, כולל תרופות ללחץ דם ודיכאון"
388,פתולוגיה ורפואת הפה,dry_meds,verified_authoritative,True,"NIDCR, Dry Mouth",https://www.nidcr.nih.gov/health-info/dry-mouth,בחר את התשובה הנכונה ביותר: מהו גורם שכיח ל-xerostomia?,"תרופות רבות, כולל תרופות ללחץ דם ודיכאון"
389,פתולוגיה ורפואת הפה,dry_radiation,verified_authoritative,True,"NIDCR, Dry Mouth",https://www.nidcr.nih.gov/health-info/dry-mouth,מדוע הקרנות ראש-צוואר עלולות לגרום יובש פה?,פגיעה בבלוטות הרוק
390,פתולוגיה ורפואת הפה,dry_radiation,verified_authoritative,True,"NIDCR, Dry Mouth",https://www.nidcr.nih.gov/health-info/dry-mouth,בבחינת רישוי נשאלת השאלה הבאה: מדוע הקרנות ראש-צוואר עלולות לגרום יובש פה?,פגיעה בבלוטות הרוק
391,פתולוגיה ורפואת הפה,dry_radiation,verified_authoritative,True,"NIDCR, Dry Mouth",https://www.nidcr.nih.gov/health-info/dry-mouth,"במקרה קליני מתאים, מדוע הקרנות ראש-צוואר עלולות לגרום יובש פה?",פגיעה בבלוטות הרוק
392,פתולוגיה ורפואת הפה,dry_radiation,verified_authoritative,True,"NIDCR, Dry Mouth",https://www.nidcr.nih.gov/health-info/dry-mouth,בחר את התשובה הנכונה ביותר: מדוע הקרנות ראש-צוואר עלולות לגרום יובש פה?,פגיעה בבלוטות הרוק
393,פתולוגיה ורפואת הפה,sjogren,verified_authoritative,True,"NIDCR, Sjögren's Disease",https://www.nidcr.nih.gov/health-info/sjogrens-disease,מה מאפיין Sjögren disease?,מחלה אוטואימונית עם יובש פה ויובש עיניים
394,פתולוגיה ורפואת הפה,sjogren,verified_authoritative,True,"NIDCR, Sjögren's Disease",https://www.nidcr.nih.gov/health-info/sjogrens-disease,בבחינת רישוי נשאלת השאלה הבאה: מה מאפיין Sjögren disease?,מחלה אוטואימונית עם יובש פה ויובש עיניים
395,פתולוגיה ורפואת הפה,sjogren,verified_authoritative,True,"NIDCR, Sjögren's Disease",https://www.nidcr.nih.gov/health-info/sjogrens-disease,"במקרה קליני מתאים, מה מאפיין Sjögren disease?",מחלה אוטואימונית עם יובש פה ויובש עיניים
396,פתולוגיה ורפואת הפה,sjogren,verified_authoritative,True,"NIDCR, Sjögren's Disease",https://www.nidcr.nih.gov/health-info/sjogrens-disease,בחר את התשובה הנכונה ביותר: מה מאפיין Sjögren disease?,מחלה אוטואימונית עם יובש פה ויובש עיניים
397,פתולוגיה ורפואת הפה,salivary_stone,verified_authoritative,True,"NIDCR, Saliva and Salivary Gland Disorders",https://www.nidcr.nih.gov/health-info/saliva-salivary-gland-disorders,חולה מתאר נפיחות וכאב בבלוטת רוק בזמן ארוחות. מה מנגנון אפשרי?,חסימת צינור על ידי sialolith
398,פתולוגיה ורפואת הפה,salivary_stone,verified_authoritative,True,"NIDCR, Saliva and Salivary Gland Disorders",https://www.nidcr.nih.gov/health-info/saliva-salivary-gland-disorders,בבחינת רישוי נשאלת השאלה הבאה: חולה מתאר נפיחות וכאב בבלוטת רוק בזמן ארוחות. מה מנגנון אפשרי?,חסימת צינור על ידי sialolith
399,פתולוגיה ורפואת הפה,salivary_stone,verified_authoritative,True,"NIDCR, Saliva and Salivary Gland Disorders",https://www.nidcr.nih.gov/health-info/saliva-salivary-gland-disorders,"במקרה קליני מתאים, חולה מתאר נפיחות וכאב בבלוטת רוק בזמן ארוחות. מה מנגנון אפשרי?",חסימת צינור על ידי sialolith
400,פתולוגיה ורפואת הפה,salivary_stone,verified_authoritative,True,"NIDCR, Saliva and Salivary Gland Disorders",https://www.nidcr.nih.gov/health-info/saliva-salivary-gland-disorders,בחר את התשובה הנכונה ביותר: חולה מתאר נפיחות וכאב בבלוטת רוק בזמן ארוחות. מה מנגנון אפשרי?,חסימת צינור על ידי sialolith
401,פתולוגיה ורפואת הפה,salivary_malignant,verified_authoritative,True,"NIDCR, Saliva and Salivary Gland Disorders",https://www.nidcr.nih.gov/health-info/saliva-salivary-gland-disorders,איזה ממצא בגוש בבלוטת רוק מדאיג יותר לממאירות?,גדילה מהירה עם חולשה/נימול בפנים
402,פתולוגיה ורפואת הפה,salivary_malignant,verified_authoritative,True,"NIDCR, Saliva and Salivary Gland Disorders",https://www.nidcr.nih.gov/health-info/saliva-salivary-gland-disorders,בבחינת רישוי נשאלת השאלה הבאה: איזה ממצא בגוש בבלוטת רוק מדאיג יותר לממאירות?,גדילה מהירה עם חולשה/נימול בפנים
403,פתולוגיה ורפואת הפה,salivary_malignant,verified_authoritative,True,"NIDCR, Saliva and Salivary Gland Disorders",https://www.nidcr.nih.gov/health-info/saliva-salivary-gland-disorders,"במקרה קליני מתאים, איזה ממצא בגוש בבלוטת רוק מדאיג יותר לממאירות?",גדילה מהירה עם חולשה/נימול בפנים
404,פתולוגיה ורפואת הפה,salivary_malignant,verified_authoritative,True,"NIDCR, Saliva and Salivary Gland Disorders",https://www.nidcr.nih.gov/health-info/saliva-salivary-gland-disorders,בחר את התשובה הנכונה ביותר: איזה ממצא בגוש בבלוטת רוק מדאיג יותר לממאירות?,גדילה מהירה עם חולשה/נימול בפנים
405,פתולוגיה ורפואת הפה,oral_cancer_risk,verified_authoritative,True,"NIDCR, Oral Cancer",https://www.nidcr.nih.gov/health-info/oral-cancer,מהם גורמי סיכון מרכזיים לסרטן חלל הפה?,טבק ואלכוהול
406,פתולוגיה ורפואת הפה,oral_cancer_risk,verified_authoritative,True,"NIDCR, Oral Cancer",https://www.nidcr.nih.gov/health-info/oral-cancer,בבחינת רישוי נשאלת השאלה הבאה: מהם גורמי סיכון מרכזיים לסרטן חלל הפה?,טבק ואלכוהול
407,פתולוגיה ורפואת הפה,oral_cancer_risk,verified_authoritative,True,"NIDCR, Oral Cancer",https://www.nidcr.nih.gov/health-info/oral-cancer,"במקרה קליני מתאים, מהם גורמי סיכון מרכזיים לסרטן חלל הפה?",טבק ואלכוהול
408,פתולוגיה ורפואת הפה,oral_cancer_risk,verified_authoritative,True,"NIDCR, Oral Cancer",https://www.nidcr.nih.gov/health-info/oral-cancer,בחר את התשובה הנכונה ביותר: מהם גורמי סיכון מרכזיים לסרטן חלל הפה?,טבק ואלכוהול
409,פתולוגיה ורפואת הפה,oral_cancer_age,verified_authoritative,True,"NIDCR, Oral Cancer",https://www.nidcr.nih.gov/health-info/oral-cancer,באיזו אוכלוסייה סרטן חלל הפה שכיח יותר?,מעל גיל 40
410,פתולוגיה ורפואת הפה,oral_cancer_age,verified_authoritative,True,"NIDCR, Oral Cancer",https://www.nidcr.nih.gov/health-info/oral-cancer,בבחינת רישוי נשאלת השאלה הבאה: באיזו אוכלוסייה סרטן חלל הפה שכיח יותר?,מעל גיל 40
411,פתולוגיה ורפואת הפה,oral_cancer_age,verified_authoritative,True,"NIDCR, Oral Cancer",https://www.nidcr.nih.gov/health-info/oral-cancer,"במקרה קליני מתאים, באיזו אוכלוסייה סרטן חלל הפה שכיח יותר?",מעל גיל 40
412,פתולוגיה ורפואת הפה,oral_cancer_age,verified_authoritative,True,"NIDCR, Oral Cancer",https://www.nidcr.nih.gov/health-info/oral-cancer,בחר את התשובה הנכונה ביותר: באיזו אוכלוסייה סרטן חלל הפה שכיח יותר?,מעל גיל 40
413,פתולוגיה ורפואת הפה,oral_cancer_hpV,verified_authoritative,True,"NIDCR, Oral Cancer",https://www.nidcr.nih.gov/health-info/oral-cancer,איזה גורם קשור במיוחד לסרטני oropharynx?,HPV
414,פתולוגיה ורפואת הפה,oral_cancer_hpV,verified_authoritative,True,"NIDCR, Oral Cancer",https://www.nidcr.nih.gov/health-info/oral-cancer,בבחינת רישוי נשאלת השאלה הבאה: איזה גורם קשור במיוחד לסרטני oropharynx?,HPV
415,פתולוגיה ורפואת הפה,oral_cancer_hpV,verified_authoritative,True,"NIDCR, Oral Cancer",https://www.nidcr.nih.gov/health-info/oral-cancer,"במקרה קליני מתאים, איזה גורם קשור במיוחד לסרטני oropharynx?",HPV
416,פתולוגיה ורפואת הפה,oral_cancer_hpV,verified_authoritative,True,"NIDCR, Oral Cancer",https://www.nidcr.nih.gov/health-info/oral-cancer,בחר את התשובה הנכונה ביותר: איזה גורם קשור במיוחד לסרטני oropharynx?,HPV
417,פתולוגיה ורפואת הפה,saliva_function,verified_authoritative,True,"NIDCR, Dry Mouth",https://www.nidcr.nih.gov/health-info/dry-mouth,איזה תפקיד יש לרוק?,מסייע בלעיסה/בליעה ומספק מינרלים המסייעים בהגנה על השיניים
418,פתולוגיה ורפואת הפה,saliva_function,verified_authoritative,True,"NIDCR, Dry Mouth",https://www.nidcr.nih.gov/health-info/dry-mouth,בבחינת רישוי נשאלת השאלה הבאה: איזה תפקיד יש לרוק?,מסייע בלעיסה/בליעה ומספק מינרלים המסייעים בהגנה על השיניים
419,פתולוגיה ורפואת הפה,saliva_function,verified_authoritative,True,"NIDCR, Dry Mouth",https://www.nidcr.nih.gov/health-info/dry-mouth,"במקרה קליני מתאים, איזה תפקיד יש לרוק?",מסייע בלעיסה/בליעה ומספק מינרלים המסייעים בהגנה על השיניים
420,פתולוגיה ורפואת הפה,saliva_function,verified_authoritative,True,"NIDCR, Dry Mouth",https://www.nidcr.nih.gov/health-info/dry-mouth,בחר את התשובה הנכונה ביותר: איזה תפקיד יש לרוק?,מסייע בלעיסה/בליעה ומספק מינרלים המסייעים בהגנה על השיניים
421,אנדודונטיה,endo_diagnosis,verified_authoritative,True,"American Association of Endodontists, Treatment Standards White Paper",https://www.aae.org/specialty/wp-content/uploads/sites/2/2018/04/TreatmentStandards_WhitePaper_v1.pdf,"לפני טיפול שורש, מה נדרש?","אבחנה פולפרית ופריאפיקלית מבוססת סימנים, תסמינים ובדיקות"
422,אנדודונטיה,endo_diagnosis,verified_authoritative,True,"American Association of Endodontists, Treatment Standards White Paper",https://www.aae.org/specialty/wp-content/uploads/sites/2/2018/04/TreatmentStandards_WhitePaper_v1.pdf,"בבחינת רישוי נשאלת השאלה הבאה: לפני טיפול שורש, מה נדרש?","אבחנה פולפרית ופריאפיקלית מבוססת סימנים, תסמינים ובדיקות"
423,אנדודונטיה,endo_diagnosis,verified_authoritative,True,"American Association of Endodontists, Treatment Standards White Paper",https://www.aae.org/specialty/wp-content/uploads/sites/2/2018/04/TreatmentStandards_WhitePaper_v1.pdf,"במקרה קליני מתאים, לפני טיפול שורש, מה נדרש?","אבחנה פולפרית ופריאפיקלית מבוססת סימנים, תסמינים ובדיקות"
424,אנדודונטיה,endo_diagnosis,verified_authoritative,True,"American Association of Endodontists, Treatment Standards White Paper",https://www.aae.org/specialty/wp-content/uploads/sites/2/2018/04/TreatmentStandards_WhitePaper_v1.pdf,"בחר את התשובה הנכונה ביותר: לפני טיפול שורש, מה נדרש?","אבחנה פולפרית ופריאפיקלית מבוססת סימנים, תסמינים ובדיקות"
425,אנדודונטיה,endo_radiograph,verified_authoritative,True,"American Association of Endodontists, Treatment Standards White Paper",https://www.aae.org/specialty/wp-content/uploads/sites/2/2018/04/TreatmentStandards_WhitePaper_v1.pdf,מה נכון לגבי הדמיה באנדודונטיה?,יש להשיג ולפרש הדמיה אבחנתית מתאימה
426,אנדודונטיה,endo_radiograph,verified_authoritative,True,"American Association of Endodontists, Treatment Standards White Paper",https://www.aae.org/specialty/wp-content/uploads/sites/2/2018/04/TreatmentStandards_WhitePaper_v1.pdf,בבחינת רישוי נשאלת השאלה הבאה: מה נכון לגבי הדמיה באנדודונטיה?,יש להשיג ולפרש הדמיה אבחנתית מתאימה
427,אנדודונטיה,endo_radiograph,verified_authoritative,True,"American Association of Endodontists, Treatment Standards White Paper",https://www.aae.org/specialty/wp-content/uploads/sites/2/2018/04/TreatmentStandards_WhitePaper_v1.pdf,"במקרה קליני מתאים, מה נכון לגבי הדמיה באנדודונטיה?",יש להשיג ולפרש הדמיה אבחנתית מתאימה
428,אנדודונטיה,endo_radiograph,verified_authoritative,True,"American Association of Endodontists, Treatment Standards White Paper",https://www.aae.org/specialty/wp-content/uploads/sites/2/2018/04/TreatmentStandards_WhitePaper_v1.pdf,בחר את התשובה הנכונה ביותר: מה נכון לגבי הדמיה באנדודונטיה?,יש להשיג ולפרש הדמיה אבחנתית מתאימה
429,אנדודונטיה,endo_complex,verified_authoritative,True,"American Association of Endodontists, Treatment Standards White Paper",https://www.aae.org/specialty/wp-content/uploads/sites/2/2018/04/TreatmentStandards_WhitePaper_v1.pdf,איזה מצב מעלה קושי אנדודונטי?,סימנים ותסמינים מורכבים עם אבחנה מבדלת נרחבת
430,אנדודונטיה,endo_complex,verified_authoritative,True,"American Association of Endodontists, Treatment Standards White Paper",https://www.aae.org/specialty/wp-content/uploads/sites/2/2018/04/TreatmentStandards_WhitePaper_v1.pdf,בבחינת רישוי נשאלת השאלה הבאה: איזה מצב מעלה קושי אנדודונטי?,סימנים ותסמינים מורכבים עם אבחנה מבדלת נרחבת
431,אנדודונטיה,endo_complex,verified_authoritative,True,"American Association of Endodontists, Treatment Standards White Paper",https://www.aae.org/specialty/wp-content/uploads/sites/2/2018/04/TreatmentStandards_WhitePaper_v1.pdf,"במקרה קליני מתאים, איזה מצב מעלה קושי אנדודונטי?",סימנים ותסמינים מורכבים עם אבחנה מבדלת נרחבת
432,אנדודונטיה,endo_complex,verified_authoritative,True,"American Association of Endodontists, Treatment Standards White Paper",https://www.aae.org/specialty/wp-content/uploads/sites/2/2018/04/TreatmentStandards_WhitePaper_v1.pdf,בחר את התשובה הנכונה ביותר: איזה מצב מעלה קושי אנדודונטי?,סימנים ותסמינים מורכבים עם אבחנה מבדלת נרחבת
433,אנדודונטיה,endo_position,verified_authoritative,True,"American Association of Endodontists, Treatment Standards White Paper",https://www.aae.org/specialty/wp-content/uploads/sites/2/2018/04/TreatmentStandards_WhitePaper_v1.pdf,איזה מאפיין אנטומי עשוי להעלות קושי טיפול שורש?,רוטציה/נטייה משמעותית של השן
434,אנדודונטיה,endo_position,verified_authoritative,True,"American Association of Endodontists, Treatment Standards White Paper",https://www.aae.org/specialty/wp-content/uploads/sites/2/2018/04/TreatmentStandards_WhitePaper_v1.pdf,בבחינת רישוי נשאלת השאלה הבאה: איזה מאפיין אנטומי עשוי להעלות קושי טיפול שורש?,רוטציה/נטייה משמעותית של השן
435,אנדודונטיה,endo_position,verified_authoritative,True,"American Association of Endodontists, Treatment Standards White Paper",https://www.aae.org/specialty/wp-content/uploads/sites/2/2018/04/TreatmentStandards_WhitePaper_v1.pdf,"במקרה קליני מתאים, איזה מאפיין אנטומי עשוי להעלות קושי טיפול שורש?",רוטציה/נטייה משמעותית של השן
436,אנדודונטיה,endo_position,verified_authoritative,True,"American Association of Endodontists, Treatment Standards White Paper",https://www.aae.org/specialty/wp-content/uploads/sites/2/2018/04/TreatmentStandards_WhitePaper_v1.pdf,בחר את התשובה הנכונה ביותר: איזה מאפיין אנטומי עשוי להעלות קושי טיפול שורש?,רוטציה/נטייה משמעותית של השן
437,כירורגיה וחירום,pain_nonopioid,verified_authoritative,True,"American Dental Association, Evidence-Based Guideline for Acute Dental Pain",https://www.ada.org/resources/research/science/evidence-based-dental-research,"לאחר עקירה, מהי בחירה מועדפת לרוב המטופלים לכאב אקוטי כאשר אין contraindication?",NSAID עם או בלי acetaminophen
438,כירורגיה וחירום,pain_nonopioid,verified_authoritative,True,"American Dental Association, Evidence-Based Guideline for Acute Dental Pain",https://www.ada.org/resources/research/science/evidence-based-dental-research,"בבחינת רישוי נשאלת השאלה הבאה: לאחר עקירה, מהי בחירה מועדפת לרוב המטופלים לכאב אקוטי כאשר אין contraindication?",NSAID עם או בלי acetaminophen
439,כירורגיה וחירום,pain_nonopioid,verified_authoritative,True,"American Dental Association, Evidence-Based Guideline for Acute Dental Pain",https://www.ada.org/resources/research/science/evidence-based-dental-research,"במקרה קליני מתאים, לאחר עקירה, מהי בחירה מועדפת לרוב המטופלים לכאב אקוטי כאשר אין contraindication?",NSAID עם או בלי acetaminophen
440,כירורגיה וחירום,pain_nonopioid,verified_authoritative,True,"American Dental Association, Evidence-Based Guideline for Acute Dental Pain",https://www.ada.org/resources/research/science/evidence-based-dental-research,"בחר את התשובה הנכונה ביותר: לאחר עקירה, מהי בחירה מועדפת לרוב המטופלים לכאב אקוטי כאשר אין contraindication?",NSAID עם או בלי acetaminophen
441,כירורגיה וחירום,pain_nsaid_contra,verified_authoritative,True,"American Dental Association, Evidence-Based Guideline for Acute Dental Pain",https://www.ada.org/resources/research/science/evidence-based-dental-research,"כאשר NSAIDs אינם מתאימים, איזו אפשרות מקובלת לכאב אקוטי לאחר עקירה פשוטה?",Acetaminophen
442,כירורגיה וחירום,pain_nsaid_contra,verified_authoritative,True,"American Dental Association, Evidence-Based Guideline for Acute Dental Pain",https://www.ada.org/resources/research/science/evidence-based-dental-research,"בבחינת רישוי נשאלת השאלה הבאה: כאשר NSAIDs אינם מתאימים, איזו אפשרות מקובלת לכאב אקוטי לאחר עקירה פשוטה?",Acetaminophen
443,כירורגיה וחירום,pain_nsaid_contra,verified_authoritative,True,"American Dental Association, Evidence-Based Guideline for Acute Dental Pain",https://www.ada.org/resources/research/science/evidence-based-dental-research,"במקרה קליני מתאים, כאשר NSAIDs אינם מתאימים, איזו אפשרות מקובלת לכאב אקוטי לאחר עקירה פשוטה?",Acetaminophen
444,כירורגיה וחירום,pain_nsaid_contra,verified_authoritative,True,"American Dental Association, Evidence-Based Guideline for Acute Dental Pain",https://www.ada.org/resources/research/science/evidence-based-dental-research,"בחר את התשובה הנכונה ביותר: כאשר NSAIDs אינם מתאימים, איזו אפשרות מקובלת לכאב אקוטי לאחר עקירה פשוטה?",Acetaminophen
445,כירורגיה וחירום,pain_opioid,verified_authoritative,True,"American Dental Association, Evidence-Based Guideline for Acute Dental Pain",https://www.ada.org/resources/research/science/evidence-based-dental-research,מה נכון לגבי opioids בכאב דנטלי אקוטי?,אינם קו ראשון ברוב המצבים כאשר NSAIDs/acetaminophen מתאימים
446,כירורגיה וחירום,pain_opioid,verified_authoritative,True,"American Dental Association, Evidence-Based Guideline for Acute Dental Pain",https://www.ada.org/resources/research/science/evidence-based-dental-research,בבחינת רישוי נשאלת השאלה הבאה: מה נכון לגבי opioids בכאב דנטלי אקוטי?,אינם קו ראשון ברוב המצבים כאשר NSAIDs/acetaminophen מתאימים
447,כירורגיה וחירום,pain_opioid,verified_authoritative,True,"American Dental Association, Evidence-Based Guideline for Acute Dental Pain",https://www.ada.org/resources/research/science/evidence-based-dental-research,"במקרה קליני מתאים, מה נכון לגבי opioids בכאב דנטלי אקוטי?",אינם קו ראשון ברוב המצבים כאשר NSAIDs/acetaminophen מתאימים
448,כירורגיה וחירום,pain_opioid,verified_authoritative,True,"American Dental Association, Evidence-Based Guideline for Acute Dental Pain",https://www.ada.org/resources/research/science/evidence-based-dental-research,בחר את התשובה הנכונה ביותר: מה נכון לגבי opioids בכאב דנטלי אקוטי?,אינם קו ראשון ברוב המצבים כאשר NSAIDs/acetaminophen מתאימים
449,כירורגיה וחירום,pain_steroids,verified_authoritative,True,"American Dental Association, Evidence-Based Guideline for Acute Dental Pain",https://www.ada.org/resources/research/science/evidence-based-dental-research,האם מומלץ להוסיף corticosteroid סיסטמי באופן שגרתי לשיכוך כאב לאחר עקירה כירורגית?,לא באופן שגרתי לפי ההנחיה
450,כירורגיה וחירום,pain_steroids,verified_authoritative,True,"American Dental Association, Evidence-Based Guideline for Acute Dental Pain",https://www.ada.org/resources/research/science/evidence-based-dental-research,בבחינת רישוי נשאלת השאלה הבאה: האם מומלץ להוסיף corticosteroid סיסטמי באופן שגרתי לשיכוך כאב לאחר עקירה כירורגית?,לא באופן שגרתי לפי ההנחיה
451,כירורגיה וחירום,pain_steroids,verified_authoritative,True,"American Dental Association, Evidence-Based Guideline for Acute Dental Pain",https://www.ada.org/resources/research/science/evidence-based-dental-research,"במקרה קליני מתאים, האם מומלץ להוסיף corticosteroid סיסטמי באופן שגרתי לשיכוך כאב לאחר עקירה כירורגית?",לא באופן שגרתי לפי ההנחיה
452,כירורגיה וחירום,pain_steroids,verified_authoritative,True,"American Dental Association, Evidence-Based Guideline for Acute Dental Pain",https://www.ada.org/resources/research/science/evidence-based-dental-research,בחר את התשובה הנכונה ביותר: האם מומלץ להוסיף corticosteroid סיסטמי באופן שגרתי לשיכוך כאב לאחר עקירה כירורגית?,לא באופן שגרתי לפי ההנחיה
453,חולה מורכב ופרמקולוגיה,preg_local_anesth,verified_authoritative,True,"American Dental Association, Pregnancy",https://www.ada.org/resources/ada-library/oral-health-topics/pregnancy,מה נכון לגבי local anesthetic עם epinephrine בהריון?,ניתן להשתמש כאשר נדרש קלינית
454,חולה מורכב ופרמקולוגיה,preg_local_anesth,verified_authoritative,True,"American Dental Association, Pregnancy",https://www.ada.org/resources/ada-library/oral-health-topics/pregnancy,בבחינת רישוי נשאלת השאלה הבאה: מה נכון לגבי local anesthetic עם epinephrine בהריון?,ניתן להשתמש כאשר נדרש קלינית
455,חולה מורכב ופרמקולוגיה,preg_local_anesth,verified_authoritative,True,"American Dental Association, Pregnancy",https://www.ada.org/resources/ada-library/oral-health-topics/pregnancy,"במקרה קליני מתאים, מה נכון לגבי local anesthetic עם epinephrine בהריון?",ניתן להשתמש כאשר נדרש קלינית
456,חולה מורכב ופרמקולוגיה,preg_local_anesth,verified_authoritative,True,"American Dental Association, Pregnancy",https://www.ada.org/resources/ada-library/oral-health-topics/pregnancy,בחר את התשובה הנכונה ביותר: מה נכון לגבי local anesthetic עם epinephrine בהריון?,ניתן להשתמש כאשר נדרש קלינית
457,חולה מורכב ופרמקולוגיה,preg_delay,verified_authoritative,True,"American Dental Association, Pregnancy",https://www.ada.org/resources/ada-library/oral-health-topics/pregnancy,מה הסיכון בדחיית טיפול דנטלי נחוץ בהריון?,הבעיה עלולה להחמיר ולהפוך מורכבת יותר
458,חולה מורכב ופרמקולוגיה,preg_delay,verified_authoritative,True,"American Dental Association, Pregnancy",https://www.ada.org/resources/ada-library/oral-health-topics/pregnancy,בבחינת רישוי נשאלת השאלה הבאה: מה הסיכון בדחיית טיפול דנטלי נחוץ בהריון?,הבעיה עלולה להחמיר ולהפוך מורכבת יותר
459,חולה מורכב ופרמקולוגיה,preg_delay,verified_authoritative,True,"American Dental Association, Pregnancy",https://www.ada.org/resources/ada-library/oral-health-topics/pregnancy,"במקרה קליני מתאים, מה הסיכון בדחיית טיפול דנטלי נחוץ בהריון?",הבעיה עלולה להחמיר ולהפוך מורכבת יותר
460,חולה מורכב ופרמקולוגיה,preg_delay,verified_authoritative,True,"American Dental Association, Pregnancy",https://www.ada.org/resources/ada-library/oral-health-topics/pregnancy,בחר את התשובה הנכונה ביותר: מה הסיכון בדחיית טיפול דנטלי נחוץ בהריון?,הבעיה עלולה להחמיר ולהפוך מורכבת יותר
461,שיקום וסגר,prostho_rest,needs_literature_check,False,"משרד הבריאות, ספרות לבחינת רישוי: Shillingburg / McCracken / Zarb",ministry-bibliography,מהו התפקיד העיקרי של rest בתותבת חלקית נשלפת?,לספק תמיכה אנכית ולמנוע שקיעה של התותבת לכיוון הרקמות
462,שיקום וסגר,prostho_rest,needs_literature_check,False,"משרד הבריאות, ספרות לבחינת רישוי: Shillingburg / McCracken / Zarb",ministry-bibliography,בבחינת רישוי נשאלת השאלה הבאה: מהו התפקיד העיקרי של rest בתותבת חלקית נשלפת?,לספק תמיכה אנכית ולמנוע שקיעה של התותבת לכיוון הרקמות
463,שיקום וסגר,prostho_rest,needs_literature_check,False,"משרד הבריאות, ספרות לבחינת רישוי: Shillingburg / McCracken / Zarb",ministry-bibliography,"במקרה קליני מתאים, מהו התפקיד העיקרי של rest בתותבת חלקית נשלפת?",לספק תמיכה אנכית ולמנוע שקיעה של התותבת לכיוון הרקמות
464,שיקום וסגר,prostho_rest,needs_literature_check,False,"משרד הבריאות, ספרות לבחינת רישוי: Shillingburg / McCracken / Zarb",ministry-bibliography,בחר את התשובה הנכונה ביותר: מהו התפקיד העיקרי של rest בתותבת חלקית נשלפת?,לספק תמיכה אנכית ולמנוע שקיעה של התותבת לכיוון הרקמות
465,שיקום וסגר,prostho_indirect,needs_literature_check,False,"משרד הבריאות, ספרות לבחינת רישוי: Shillingburg / McCracken / Zarb",ministry-bibliography,מה תפקיד indirect retainer בתותבת distal extension?,להתנגד לסיבוב בסיס התותבת הרחק מהרקמות סביב fulcrum line
466,שיקום וסגר,prostho_indirect,needs_literature_check,False,"משרד הבריאות, ספרות לבחינת רישוי: Shillingburg / McCracken / Zarb",ministry-bibliography,בבחינת רישוי נשאלת השאלה הבאה: מה תפקיד indirect retainer בתותבת distal extension?,להתנגד לסיבוב בסיס התותבת הרחק מהרקמות סביב fulcrum line
467,שיקום וסגר,prostho_indirect,needs_literature_check,False,"משרד הבריאות, ספרות לבחינת רישוי: Shillingburg / McCracken / Zarb",ministry-bibliography,"במקרה קליני מתאים, מה תפקיד indirect retainer בתותבת distal extension?",להתנגד לסיבוב בסיס התותבת הרחק מהרקמות סביב fulcrum line
468,שיקום וסגר,prostho_indirect,needs_literature_check,False,"משרד הבריאות, ספרות לבחינת רישוי: Shillingburg / McCracken / Zarb",ministry-bibliography,בחר את התשובה הנכונה ביותר: מה תפקיד indirect retainer בתותבת distal extension?,להתנגד לסיבוב בסיס התותבת הרחק מהרקמות סביב fulcrum line
469,שיקום וסגר,prostho_major,needs_literature_check,False,"משרד הבריאות, ספרות לבחינת רישוי: Shillingburg / McCracken / Zarb",ministry-bibliography,איזו תכונה חשובה ל-major connector?,Rigidity
470,שיקום וסגר,prostho_major,needs_literature_check,False,"משרד הבריאות, ספרות לבחינת רישוי: Shillingburg / McCracken / Zarb",ministry-bibliography,בבחינת רישוי נשאלת השאלה הבאה: איזו תכונה חשובה ל-major connector?,Rigidity
471,שיקום וסגר,prostho_major,needs_literature_check,False,"משרד הבריאות, ספרות לבחינת רישוי: Shillingburg / McCracken / Zarb",ministry-bibliography,"במקרה קליני מתאים, איזו תכונה חשובה ל-major connector?",Rigidity
472,שיקום וסגר,prostho_major,needs_literature_check,False,"משרד הבריאות, ספרות לבחינת רישוי: Shillingburg / McCracken / Zarb",ministry-bibliography,בחר את התשובה הנכונה ביותר: איזו תכונה חשובה ל-major connector?,Rigidity
473,שיקום וסגר,prostho_retromolar,needs_literature_check,False,"משרד הבריאות, ספרות לבחינת רישוי: Shillingburg / McCracken / Zarb",ministry-bibliography,איזה landmark חשוב לגבול האחורי של תותבת שלמה תחתונה?,Retromolar pad
474,שיקום וסגר,prostho_retromolar,needs_literature_check,False,"משרד הבריאות, ספרות לבחינת רישוי: Shillingburg / McCracken / Zarb",ministry-bibliography,בבחינת רישוי נשאלת השאלה הבאה: איזה landmark חשוב לגבול האחורי של תותבת שלמה תחתונה?,Retromolar pad
475,שיקום וסגר,prostho_retromolar,needs_literature_check,False,"משרד הבריאות, ספרות לבחינת רישוי: Shillingburg / McCracken / Zarb",ministry-bibliography,"במקרה קליני מתאים, איזה landmark חשוב לגבול האחורי של תותבת שלמה תחתונה?",Retromolar pad
476,שיקום וסגר,prostho_retromolar,needs_literature_check,False,"משרד הבריאות, ספרות לבחינת רישוי: Shillingburg / McCracken / Zarb",ministry-bibliography,בחר את התשובה הנכונה ביותר: איזה landmark חשוב לגבול האחורי של תותבת שלמה תחתונה?,Retromolar pad
477,משמרת וחומרים,rest_polymer,needs_literature_check,False,"משרד הבריאות, ספרות לבחינת רישוי: Sturdevant / Phillips / Craig",ministry-bibliography,איזו תופעה אופיינית ל-polymerization shrinkage בקומפוזיט?,יצירת stress בממשק וקושי בשמירת marginal seal
478,משמרת וחומרים,rest_polymer,needs_literature_check,False,"משרד הבריאות, ספרות לבחינת רישוי: Sturdevant / Phillips / Craig",ministry-bibliography,בבחינת רישוי נשאלת השאלה הבאה: איזו תופעה אופיינית ל-polymerization shrinkage בקומפוזיט?,יצירת stress בממשק וקושי בשמירת marginal seal
479,משמרת וחומרים,rest_polymer,needs_literature_check,False,"משרד הבריאות, ספרות לבחינת רישוי: Sturdevant / Phillips / Craig",ministry-bibliography,"במקרה קליני מתאים, איזו תופעה אופיינית ל-polymerization shrinkage בקומפוזיט?",יצירת stress בממשק וקושי בשמירת marginal seal
480,משמרת וחומרים,rest_polymer,needs_literature_check,False,"משרד הבריאות, ספרות לבחינת רישוי: Sturdevant / Phillips / Craig",ministry-bibliography,בחר את התשובה הנכונה ביותר: איזו תופעה אופיינית ל-polymerization shrinkage בקומפוזיט?,יצירת stress בממשק וקושי בשמירת marginal seal
481,משמרת וחומרים,rest_etch,needs_literature_check,False,"משרד הבריאות, ספרות לבחינת רישוי: Sturdevant / Phillips / Craig",ministry-bibliography,מה מטרת acid etching של enamel?,יצירת microporosities לשיפור micromechanical retention
482,משמרת וחומרים,rest_etch,needs_literature_check,False,"משרד הבריאות, ספרות לבחינת רישוי: Sturdevant / Phillips / Craig",ministry-bibliography,בבחינת רישוי נשאלת השאלה הבאה: מה מטרת acid etching של enamel?,יצירת microporosities לשיפור micromechanical retention
483,משמרת וחומרים,rest_etch,needs_literature_check,False,"משרד הבריאות, ספרות לבחינת רישוי: Sturdevant / Phillips / Craig",ministry-bibliography,"במקרה קליני מתאים, מה מטרת acid etching של enamel?",יצירת microporosities לשיפור micromechanical retention
484,משמרת וחומרים,rest_etch,needs_literature_check,False,"משרד הבריאות, ספרות לבחינת רישוי: Sturdevant / Phillips / Craig",ministry-bibliography,בחר את התשובה הנכונה ביותר: מה מטרת acid etching של enamel?,יצירת microporosities לשיפור micromechanical retention
485,משמרת וחומרים,rest_cfactor,needs_literature_check,False,"משרד הבריאות, ספרות לבחינת רישוי: Sturdevant / Phillips / Craig",ministry-bibliography,מה מתאר C-factor בשחזור קומפוזיט?,היחס בין משטחים bonded ל-unbonded בחלל
486,משמרת וחומרים,rest_cfactor,needs_literature_check,False,"משרד הבריאות, ספרות לבחינת רישוי: Sturdevant / Phillips / Craig",ministry-bibliography,בבחינת רישוי נשאלת השאלה הבאה: מה מתאר C-factor בשחזור קומפוזיט?,היחס בין משטחים bonded ל-unbonded בחלל
487,משמרת וחומרים,rest_cfactor,needs_literature_check,False,"משרד הבריאות, ספרות לבחינת רישוי: Sturdevant / Phillips / Craig",ministry-bibliography,"במקרה קליני מתאים, מה מתאר C-factor בשחזור קומפוזיט?",היחס בין משטחים bonded ל-unbonded בחלל
488,משמרת וחומרים,rest_cfactor,needs_literature_check,False,"משרד הבריאות, ספרות לבחינת רישוי: Sturdevant / Phillips / Craig",ministry-bibliography,בחר את התשובה הנכונה ביותר: מה מתאר C-factor בשחזור קומפוזיט?,היחס בין משטחים bonded ל-unbonded בחלל
489,אורתודונטיה וגדילה,ortho_pressure,needs_literature_check,False,"משרד הבריאות, ספרות לבחינת רישוי: Bishara Textbook of Orthodontics",ministry-bibliography,"בצד הלחץ של PDL בזמן תנועה אורתודונטית, איזה תהליך צפוי?",Bone resorption על ידי osteoclasts
490,אורתודונטיה וגדילה,ortho_pressure,needs_literature_check,False,"משרד הבריאות, ספרות לבחינת רישוי: Bishara Textbook of Orthodontics",ministry-bibliography,"בבחינת רישוי נשאלת השאלה הבאה: בצד הלחץ של PDL בזמן תנועה אורתודונטית, איזה תהליך צפוי?",Bone resorption על ידי osteoclasts
491,אורתודונטיה וגדילה,ortho_pressure,needs_literature_check,False,"משרד הבריאות, ספרות לבחינת רישוי: Bishara Textbook of Orthodontics",ministry-bibliography,"במקרה קליני מתאים, בצד הלחץ של PDL בזמן תנועה אורתודונטית, איזה תהליך צפוי?",Bone resorption על ידי osteoclasts
492,אורתודונטיה וגדילה,ortho_pressure,needs_literature_check,False,"משרד הבריאות, ספרות לבחינת רישוי: Bishara Textbook of Orthodontics",ministry-bibliography,"בחר את התשובה הנכונה ביותר: בצד הלחץ של PDL בזמן תנועה אורתודונטית, איזה תהליך צפוי?",Bone resorption על ידי osteoclasts
493,אורתודונטיה וגדילה,ortho_tension,needs_literature_check,False,"משרד הבריאות, ספרות לבחינת רישוי: Bishara Textbook of Orthodontics",ministry-bibliography,"בצד המתח של PDL בזמן תנועה אורתודונטית, איזה תהליך צפוי?",Bone apposition
494,אורתודונטיה וגדילה,ortho_tension,needs_literature_check,False,"משרד הבריאות, ספרות לבחינת רישוי: Bishara Textbook of Orthodontics",ministry-bibliography,"בבחינת רישוי נשאלת השאלה הבאה: בצד המתח של PDL בזמן תנועה אורתודונטית, איזה תהליך צפוי?",Bone apposition
495,אורתודונטיה וגדילה,ortho_tension,needs_literature_check,False,"משרד הבריאות, ספרות לבחינת רישוי: Bishara Textbook of Orthodontics",ministry-bibliography,"במקרה קליני מתאים, בצד המתח של PDL בזמן תנועה אורתודונטית, איזה תהליך צפוי?",Bone apposition
496,אורתודונטיה וגדילה,ortho_tension,needs_literature_check,False,"משרד הבריאות, ספרות לבחינת רישוי: Bishara Textbook of Orthodontics",ministry-bibliography,"בחר את התשובה הנכונה ביותר: בצד המתח של PDL בזמן תנועה אורתודונטית, איזה תהליך צפוי?",Bone apposition
497,אורתודונטיה וגדילה,ortho_classII,needs_literature_check,False,"משרד הבריאות, ספרות לבחינת רישוי: Bishara Textbook of Orthodontics",ministry-bibliography,מה מאפיין Angle Class II באופן עקרוני?,יחס מולרי שבו המנדיבולה/המשנן התחתון ממוקמים דיסטלית יחסית ל-Class I
498,אורתודונטיה וגדילה,ortho_classII,needs_literature_check,False,"משרד הבריאות, ספרות לבחינת רישוי: Bishara Textbook of Orthodontics",ministry-bibliography,בבחינת רישוי נשאלת השאלה הבאה: מה מאפיין Angle Class II באופן עקרוני?,יחס מולרי שבו המנדיבולה/המשנן התחתון ממוקמים דיסטלית יחסית ל-Class I
499,אורתודונטיה וגדילה,ortho_classII,needs_literature_check,False,"משרד הבריאות, ספרות לבחינת רישוי: Bishara Textbook of Orthodontics",ministry-bibliography,"במקרה קליני מתאים, מה מאפיין Angle Class II באופן עקרוני?",יחס מולרי שבו המנדיבולה/המשנן התחתון ממוקמים דיסטלית יחסית ל-Class I
500,אורתודונטיה וגדילה,ortho_classII,needs_literature_check,False,"משרד הבריאות, ספרות לבחינת רישוי: Bishara Textbook of Orthodontics",ministry-bibliography,בחר את התשובה הנכונה ביותר: מה מאפיין Angle Class II באופן עקרוני?,יחס מולרי שבו המנדיבולה/המשנן התחתון ממוקמים דיסטלית יחסית ל-Class I
